2026-03-29T13:02:47.532+05:30  INFO 264591 --- [shopro-pos-server] [main] mls.sho.dms.ShoproPosServerApplication   : Starting ShoproPosServerApplication using Java 21.0.9 with PID 264591 (/home/arun/IdeaProjects/shopro-pos/shopro-sabz-server/build/classes/java/main started by arun in /home/arun/IdeaProjects/shopro-pos/shopro-sabz-server)
2026-03-29T13:02:47.533+05:30 DEBUG 264591 --- [shopro-pos-server] [main] mls.sho.dms.ShoproPosServerApplication   : Running with Spring Boot v3.2.3, Spring v6.1.4
2026-03-29T13:02:47.535+05:30  INFO 264591 --- [shopro-pos-server] [main] mls.sho.dms.ShoproPosServerApplication   : No active profile set, falling back to 1 default profile: "default"
2026-03-29T13:02:49.115+05:30  INFO 264591 --- [shopro-pos-server] [main] .s.d.r.c.RepositoryConfigurationDelegate : Bootstrapping Spring Data JPA repositories in DEFAULT mode.
2026-03-29T13:02:49.405+05:30  INFO 264591 --- [shopro-pos-server] [main] .s.d.r.c.RepositoryConfigurationDelegate : Finished Spring Data repository scanning in 280 ms. Found 90 JPA repository interfaces.
2026-03-29T13:02:50.383+05:30  INFO 264591 --- [shopro-pos-server] [main] o.s.b.w.embedded.tomcat.TomcatWebServer  : Tomcat initialized with port 8080 (http)
2026-03-29T13:02:50.399+05:30  INFO 264591 --- [shopro-pos-server] [main] o.apache.catalina.core.StandardService   : Starting service [Tomcat]
2026-03-29T13:02:50.399+05:30  INFO 264591 --- [shopro-pos-server] [main] o.apache.catalina.core.StandardEngine    : Starting Servlet engine: [Apache Tomcat/10.1.19]
2026-03-29T13:02:50.455+05:30  INFO 264591 --- [shopro-pos-server] [main] o.a.c.c.C.[Tomcat].[localhost].[/]       : Initializing Spring embedded WebApplicationContext
2026-03-29T13:02:50.455+05:30  INFO 264591 --- [shopro-pos-server] [main] w.s.c.ServletWebServerApplicationContext : Root WebApplicationContext: initialization completed in 2862 ms
2026-03-29T13:02:51.041+05:30  INFO 264591 --- [shopro-pos-server] [main] com.zaxxer.hikari.HikariDataSource       : HikariPool-1 - Starting...
2026-03-29T13:02:52.093+05:30 ERROR 264591 --- [shopro-pos-server] [main] com.zaxxer.hikari.pool.HikariPool        : HikariPool-1 - Exception during pool initialization.

org.postgresql.util.PSQLException: Connection to localhost:5432 refused. Check that the hostname and port are correct and that the postmaster is accepting TCP/IP connections.
	at org.postgresql.core.v3.ConnectionFactoryImpl.openConnectionImpl(ConnectionFactoryImpl.java:342)
	at org.postgresql.core.ConnectionFactory.openConnection(ConnectionFactory.java:54)
	at org.postgresql.jdbc.PgConnection.<init>(PgConnection.java:263)
	at org.postgresql.Driver.makeConnection(Driver.java:443)
	at org.postgresql.Driver.connect(Driver.java:297)
	at com.zaxxer.hikari.util.DriverDataSource.getConnection(DriverDataSource.java:138)
	at com.zaxxer.hikari.pool.PoolBase.newConnection(PoolBase.java:359)
	at com.zaxxer.hikari.pool.PoolBase.newPoolEntry(PoolBase.java:201)
	at com.zaxxer.hikari.pool.HikariPool.createPoolEntry(HikariPool.java:470)
	at com.zaxxer.hikari.pool.HikariPool.checkFailFast(HikariPool.java:561)
	at com.zaxxer.hikari.pool.HikariPool.<init>(HikariPool.java:100)
	at com.zaxxer.hikari.HikariDataSource.getConnection(HikariDataSource.java:112)
	at org.flywaydb.core.api.configuration.ClassicConfiguration.setDataSource(ClassicConfiguration.java:1094)
	at org.flywaydb.core.api.configuration.FluentConfiguration.dataSource(FluentConfiguration.java:624)
	at org.springframework.boot.autoconfigure.flyway.FlywayAutoConfiguration$FlywayConfiguration.configureDataSource(FlywayAutoConfiguration.java:185)
	at org.springframework.boot.autoconfigure.flyway.FlywayAutoConfiguration$FlywayConfiguration.flyway(FlywayAutoConfiguration.java:172)
	at java.base/jdk.internal.reflect.DirectMethodHandleAccessor.invoke(DirectMethodHandleAccessor.java:103)
	at java.base/java.lang.reflect.Method.invoke(Method.java:580)
	at org.springframework.beans.factory.support.SimpleInstantiationStrategy.instantiate(SimpleInstantiationStrategy.java:140)
	at org.springframework.beans.factory.support.ConstructorResolver.instantiate(ConstructorResolver.java:647)
	at org.springframework.beans.factory.support.ConstructorResolver.instantiateUsingFactoryMethod(ConstructorResolver.java:639)
	at org.springframework.beans.factory.support.AbstractAutowireCapableBeanFactory.instantiateUsingFactoryMethod(AbstractAutowireCapableBeanFactory.java:1335)
	at org.springframework.beans.factory.support.AbstractAutowireCapableBeanFactory.createBeanInstance(AbstractAutowireCapableBeanFactory.java:1165)
	at org.springframework.beans.factory.support.AbstractAutowireCapableBeanFactory.doCreateBean(AbstractAutowireCapableBeanFactory.java:562)
	at org.springframework.beans.factory.support.AbstractAutowireCapableBeanFactory.createBean(AbstractAutowireCapableBeanFactory.java:522)
	at org.springframework.beans.factory.support.AbstractBeanFactory.lambda$doGetBean$0(AbstractBeanFactory.java:325)
	at org.springframework.beans.factory.support.DefaultSingletonBeanRegistry.getSingleton(DefaultSingletonBeanRegistry.java:234)
	at org.springframework.beans.factory.support.AbstractBeanFactory.doGetBean(AbstractBeanFactory.java:323)
	at org.springframework.beans.factory.support.AbstractBeanFactory.getBean(AbstractBeanFactory.java:199)
	at org.springframework.beans.factory.support.AbstractBeanFactory.doGetBean(AbstractBeanFactory.java:312)
	at org.springframework.beans.factory.support.AbstractBeanFactory.getBean(AbstractBeanFactory.java:199)
	at org.springframework.beans.factory.support.BeanDefinitionValueResolver.resolveReference(BeanDefinitionValueResolver.java:365)
	at org.springframework.beans.factory.support.BeanDefinitionValueResolver.resolveValueIfNecessary(BeanDefinitionValueResolver.java:135)
	at org.springframework.beans.factory.support.ConstructorResolver.resolveConstructorArguments(ConstructorResolver.java:685)
	at org.springframework.beans.factory.support.ConstructorResolver.instantiateUsingFactoryMethod(ConstructorResolver.java:509)
	at org.springframework.beans.factory.support.AbstractAutowireCapableBeanFactory.instantiateUsingFactoryMethod(AbstractAutowireCapableBeanFactory.java:1335)
	at org.springframework.beans.factory.support.AbstractAutowireCapableBeanFactory.createBeanInstance(AbstractAutowireCapableBeanFactory.java:1165)
	at org.springframework.beans.factory.support.AbstractAutowireCapableBeanFactory.doCreateBean(AbstractAutowireCapableBeanFactory.java:562)
	at org.springframework.beans.factory.support.AbstractAutowireCapableBeanFactory.createBean(AbstractAutowireCapableBeanFactory.java:522)
	at org.springframework.beans.factory.support.AbstractBeanFactory.lambda$doGetBean$0(AbstractBeanFactory.java:325)
	at org.springframework.beans.factory.support.DefaultSingletonBeanRegistry.getSingleton(DefaultSingletonBeanRegistry.java:234)
	at org.springframework.beans.factory.support.AbstractBeanFactory.doGetBean(AbstractBeanFactory.java:323)
	at org.springframework.beans.factory.support.AbstractBeanFactory.getBean(AbstractBeanFactory.java:199)
	at org.springframework.beans.factory.support.BeanDefinitionValueResolver.resolveReference(BeanDefinitionValueResolver.java:365)
	at org.springframework.beans.factory.support.BeanDefinitionValueResolver.resolveValueIfNecessary(BeanDefinitionValueResolver.java:135)
	at org.springframework.beans.factory.support.AbstractAutowireCapableBeanFactory.applyPropertyValues(AbstractAutowireCapableBeanFactory.java:1685)
	at org.springframework.beans.factory.support.AbstractAutowireCapableBeanFactory.populateBean(AbstractAutowireCapableBeanFactory.java:1434)
	at org.springframework.beans.factory.support.AbstractAutowireCapableBeanFactory.doCreateBean(AbstractAutowireCapableBeanFactory.java:599)
	at org.springframework.beans.factory.support.AbstractAutowireCapableBeanFactory.createBean(AbstractAutowireCapableBeanFactory.java:522)
	at org.springframework.beans.factory.support.AbstractBeanFactory.lambda$doGetBean$0(AbstractBeanFactory.java:325)
	at org.springframework.beans.factory.support.DefaultSingletonBeanRegistry.getSingleton(DefaultSingletonBeanRegistry.java:234)
	at org.springframework.beans.factory.support.AbstractBeanFactory.doGetBean(AbstractBeanFactory.java:323)
	at org.springframework.beans.factory.support.AbstractBeanFactory.getBean(AbstractBeanFactory.java:199)
	at org.springframework.beans.factory.config.DependencyDescriptor.resolveCandidate(DependencyDescriptor.java:254)
	at org.springframework.beans.factory.support.DefaultListableBeanFactory.doResolveDependency(DefaultListableBeanFactory.java:1443)
	at org.springframework.beans.factory.support.DefaultListableBeanFactory.resolveDependency(DefaultListableBeanFactory.java:1353)
	at org.springframework.beans.factory.annotation.AutowiredAnnotationBeanPostProcessor$AutowiredFieldElement.resolveFieldValue(AutowiredAnnotationBeanPostProcessor.java:784)
	at org.springframework.beans.factory.annotation.AutowiredAnnotationBeanPostProcessor$AutowiredFieldElement.inject(AutowiredAnnotationBeanPostProcessor.java:767)
	at org.springframework.beans.factory.annotation.InjectionMetadata.inject(InjectionMetadata.java:145)
	at org.springframework.beans.factory.annotation.AutowiredAnnotationBeanPostProcessor.postProcessProperties(AutowiredAnnotationBeanPostProcessor.java:508)
	at org.springframework.beans.factory.support.AbstractAutowireCapableBeanFactory.populateBean(AbstractAutowireCapableBeanFactory.java:1419)
	at org.springframework.beans.factory.support.AbstractAutowireCapableBeanFactory.doCreateBean(AbstractAutowireCapableBeanFactory.java:599)
	at org.springframework.beans.factory.support.AbstractAutowireCapableBeanFactory.createBean(AbstractAutowireCapableBeanFactory.java:522)
	at org.springframework.beans.factory.support.AbstractBeanFactory.lambda$doGetBean$0(AbstractBeanFactory.java:325)
	at org.springframework.beans.factory.support.DefaultSingletonBeanRegistry.getSingleton(DefaultSingletonBeanRegistry.java:234)
	at org.springframework.beans.factory.support.AbstractBeanFactory.doGetBean(AbstractBeanFactory.java:323)
	at org.springframework.beans.factory.support.AbstractBeanFactory.getBean(AbstractBeanFactory.java:199)
	at org.springframework.beans.factory.config.DependencyDescriptor.resolveCandidate(DependencyDescriptor.java:254)
	at org.springframework.beans.factory.support.DefaultListableBeanFactory.doResolveDependency(DefaultListableBeanFactory.java:1443)
	at org.springframework.beans.factory.support.DefaultListableBeanFactory.resolveDependency(DefaultListableBeanFactory.java:1353)
	at org.springframework.beans.factory.annotation.AutowiredAnnotationBeanPostProcessor$AutowiredFieldElement.resolveFieldValue(AutowiredAnnotationBeanPostProcessor.java:784)
	at org.springframework.beans.factory.annotation.AutowiredAnnotationBeanPostProcessor$AutowiredFieldElement.inject(AutowiredAnnotationBeanPostProcessor.java:767)
	at org.springframework.beans.factory.annotation.InjectionMetadata.inject(InjectionMetadata.java:145)
	at org.springframework.beans.factory.annotation.AutowiredAnnotationBeanPostProcessor.postProcessProperties(AutowiredAnnotationBeanPostProcessor.java:508)
	at org.springframework.beans.factory.support.AbstractAutowireCapableBeanFactory.populateBean(AbstractAutowireCapableBeanFactory.java:1419)
	at org.springframework.beans.factory.support.AbstractAutowireCapableBeanFactory.doCreateBean(AbstractAutowireCapableBeanFactory.java:599)
	at org.springframework.beans.factory.support.AbstractAutowireCapableBeanFactory.createBean(AbstractAutowireCapableBeanFactory.java:522)
	at org.springframework.beans.factory.support.AbstractBeanFactory.lambda$doGetBean$0(AbstractBeanFactory.java:325)
	at org.springframework.beans.factory.support.DefaultSingletonBeanRegistry.getSingleton(DefaultSingletonBeanRegistry.java:234)
	at org.springframework.beans.factory.support.AbstractBeanFactory.doGetBean(AbstractBeanFactory.java:323)
	at org.springframework.beans.factory.support.AbstractBeanFactory.getBean(AbstractBeanFactory.java:204)
	at org.springframework.boot.web.servlet.ServletContextInitializerBeans.getOrderedBeansOfType(ServletContextInitializerBeans.java:210)
	at org.springframework.boot.web.servlet.ServletContextInitializerBeans.addAsRegistrationBean(ServletContextInitializerBeans.java:173)
	at org.springframework.boot.web.servlet.ServletContextInitializerBeans.addAsRegistrationBean(ServletContextInitializerBeans.java:168)
	at org.springframework.boot.web.servlet.ServletContextInitializerBeans.addAdaptableBeans(ServletContextInitializerBeans.java:153)
	at org.springframework.boot.web.servlet.ServletContextInitializerBeans.<init>(ServletContextInitializerBeans.java:86)
	at org.springframework.boot.web.servlet.context.ServletWebServerApplicationContext.getServletContextInitializerBeans(ServletWebServerApplicationContext.java:266)
	at org.springframework.boot.web.servlet.context.ServletWebServerApplicationContext.selfInitialize(ServletWebServerApplicationContext.java:240)
	at org.springframework.boot.web.embedded.tomcat.TomcatStarter.onStartup(TomcatStarter.java:52)
	at org.apache.catalina.core.StandardContext.startInternal(StandardContext.java:4866)
	at org.apache.catalina.util.LifecycleBase.start(LifecycleBase.java:171)
	at org.apache.catalina.core.ContainerBase$StartChild.call(ContainerBase.java:1332)
	at org.apache.catalina.core.ContainerBase$StartChild.call(ContainerBase.java:1322)
	at java.base/java.util.concurrent.FutureTask.run(FutureTask.java:317)
	at org.apache.tomcat.util.threads.InlineExecutorService.execute(InlineExecutorService.java:75)
	at java.base/java.util.concurrent.AbstractExecutorService.submit(AbstractExecutorService.java:145)
	at org.apache.catalina.core.ContainerBase.startInternal(ContainerBase.java:866)
	at org.apache.catalina.core.StandardHost.startInternal(StandardHost.java:845)
	at org.apache.catalina.util.LifecycleBase.start(LifecycleBase.java:171)
	at org.apache.catalina.core.ContainerBase$StartChild.call(ContainerBase.java:1332)
	at org.apache.catalina.core.ContainerBase$StartChild.call(ContainerBase.java:1322)
	at java.base/java.util.concurrent.FutureTask.run(FutureTask.java:317)
	at org.apache.tomcat.util.threads.InlineExecutorService.execute(InlineExecutorService.java:75)
	at java.base/java.util.concurrent.AbstractExecutorService.submit(AbstractExecutorService.java:145)
	at org.apache.catalina.core.ContainerBase.startInternal(ContainerBase.java:866)
	at org.apache.catalina.core.StandardEngine.startInternal(StandardEngine.java:240)
	at org.apache.catalina.util.LifecycleBase.start(LifecycleBase.java:171)
	at org.apache.catalina.core.StandardService.startInternal(StandardService.java:433)
	at org.apache.catalina.util.LifecycleBase.start(LifecycleBase.java:171)
	at org.apache.catalina.core.StandardServer.startInternal(StandardServer.java:921)
	at org.apache.catalina.util.LifecycleBase.start(LifecycleBase.java:171)
	at org.apache.catalina.startup.Tomcat.start(Tomcat.java:437)
	at org.springframework.boot.web.embedded.tomcat.TomcatWebServer.initialize(TomcatWebServer.java:126)
	at org.springframework.boot.web.embedded.tomcat.TomcatWebServer.<init>(TomcatWebServer.java:105)
	at org.springframework.boot.web.embedded.tomcat.TomcatServletWebServerFactory.getTomcatWebServer(TomcatServletWebServerFactory.java:499)
	at org.springframework.boot.web.embedded.tomcat.TomcatServletWebServerFactory.getWebServer(TomcatServletWebServerFactory.java:218)
	at org.springframework.boot.web.servlet.context.ServletWebServerApplicationContext.createWebServer(ServletWebServerApplicationContext.java:188)
	at org.springframework.boot.web.servlet.context.ServletWebServerApplicationContext.onRefresh(ServletWebServerApplicationContext.java:162)
	at org.springframework.context.support.AbstractApplicationContext.refresh(AbstractApplicationContext.java:618)
	at org.springframework.boot.web.servlet.context.ServletWebServerApplicationContext.refresh(ServletWebServerApplicationContext.java:146)
	at org.springframework.boot.SpringApplication.refresh(SpringApplication.java:754)
	at org.springframework.boot.SpringApplication.refreshContext(SpringApplication.java:456)
	at org.springframework.boot.SpringApplication.run(SpringApplication.java:334)
	at org.springframework.boot.SpringApplication.run(SpringApplication.java:1354)
	at org.springframework.boot.SpringApplication.run(SpringApplication.java:1343)
	at mls.sho.dms.ShoproPosServerApplication.main(ShoproPosServerApplication.java:11)
Caused by: java.net.ConnectException: Connection refused
	at java.base/sun.nio.ch.Net.pollConnect(Native Method)
	at java.base/sun.nio.ch.Net.pollConnectNow(Net.java:690)
	at java.base/sun.nio.ch.NioSocketImpl.timedFinishConnect(NioSocketImpl.java:542)
	at java.base/sun.nio.ch.NioSocketImpl.connect(NioSocketImpl.java:592)
	at java.base/java.net.SocksSocketImpl.connect(SocksSocketImpl.java:327)
	at java.base/java.net.Socket.connect(Socket.java:751)
	at org.postgresql.core.PGStream.createSocket(PGStream.java:243)
	at org.postgresql.core.PGStream.<init>(PGStream.java:98)
	at org.postgresql.core.v3.ConnectionFactoryImpl.tryConnect(ConnectionFactoryImpl.java:132)
	at org.postgresql.core.v3.ConnectionFactoryImpl.openConnectionImpl(ConnectionFactoryImpl.java:258)
	... 125 common frames omitted

2026-03-29T13:02:52.175+05:30  INFO 264591 --- [shopro-pos-server] [main] o.f.c.internal.license.VersionPrinter    : Flyway Community Edition 9.22.3 by Redgate
2026-03-29T13:02:52.176+05:30  INFO 264591 --- [shopro-pos-server] [main] o.f.c.internal.license.VersionPrinter    : See release notes here: https://rd.gt/416ObMi
2026-03-29T13:02:52.176+05:30  INFO 264591 --- [shopro-pos-server] [main] o.f.c.internal.license.VersionPrinter    : 
2026-03-29T13:02:52.192+05:30  INFO 264591 --- [shopro-pos-server] [main] com.zaxxer.hikari.HikariDataSource       : HikariPool-1 - Starting...
2026-03-29T13:02:53.193+05:30 ERROR 264591 --- [shopro-pos-server] [main] com.zaxxer.hikari.pool.HikariPool        : HikariPool-1 - Exception during pool initialization.

org.postgresql.util.PSQLException: Connection to localhost:5432 refused. Check that the hostname and port are correct and that the postmaster is accepting TCP/IP connections.
	at org.postgresql.core.v3.ConnectionFactoryImpl.openConnectionImpl(ConnectionFactoryImpl.java:342)
	at org.postgresql.core.ConnectionFactory.openConnection(ConnectionFactory.java:54)
	at org.postgresql.jdbc.PgConnection.<init>(PgConnection.java:263)
	at org.postgresql.Driver.makeConnection(Driver.java:443)
	at org.postgresql.Driver.connect(Driver.java:297)
	at com.zaxxer.hikari.util.DriverDataSource.getConnection(DriverDataSource.java:138)
	at com.zaxxer.hikari.pool.PoolBase.newConnection(PoolBase.java:359)
	at com.zaxxer.hikari.pool.PoolBase.newPoolEntry(PoolBase.java:201)
	at com.zaxxer.hikari.pool.HikariPool.createPoolEntry(HikariPool.java:470)
	at com.zaxxer.hikari.pool.HikariPool.checkFailFast(HikariPool.java:561)
	at com.zaxxer.hikari.pool.HikariPool.<init>(HikariPool.java:100)
	at com.zaxxer.hikari.HikariDataSource.getConnection(HikariDataSource.java:112)
	at org.flywaydb.core.internal.jdbc.JdbcUtils.openConnection(JdbcUtils.java:48)
	at org.flywaydb.core.internal.jdbc.JdbcConnectionFactory.<init>(JdbcConnectionFactory.java:74)
	at org.flywaydb.core.FlywayExecutor.execute(FlywayExecutor.java:142)
	at org.flywaydb.core.Flyway.migrate(Flyway.java:140)
	at org.springframework.boot.autoconfigure.flyway.FlywayMigrationInitializer.afterPropertiesSet(FlywayMigrationInitializer.java:66)
	at org.springframework.beans.factory.support.AbstractAutowireCapableBeanFactory.invokeInitMethods(AbstractAutowireCapableBeanFactory.java:1833)
	at org.springframework.beans.factory.support.AbstractAutowireCapableBeanFactory.initializeBean(AbstractAutowireCapableBeanFactory.java:1782)
	at org.springframework.beans.factory.support.AbstractAutowireCapableBeanFactory.doCreateBean(AbstractAutowireCapableBeanFactory.java:600)
	at org.springframework.beans.factory.support.AbstractAutowireCapableBeanFactory.createBean(AbstractAutowireCapableBeanFactory.java:522)
	at org.springframework.beans.factory.support.AbstractBeanFactory.lambda$doGetBean$0(AbstractBeanFactory.java:325)
	at org.springframework.beans.factory.support.DefaultSingletonBeanRegistry.getSingleton(DefaultSingletonBeanRegistry.java:234)
	at org.springframework.beans.factory.support.AbstractBeanFactory.doGetBean(AbstractBeanFactory.java:323)
	at org.springframework.beans.factory.support.AbstractBeanFactory.getBean(AbstractBeanFactory.java:199)
	at org.springframework.beans.factory.support.AbstractBeanFactory.doGetBean(AbstractBeanFactory.java:312)
	at org.springframework.beans.factory.support.AbstractBeanFactory.getBean(AbstractBeanFactory.java:199)
	at org.springframework.beans.factory.support.BeanDefinitionValueResolver.resolveReference(BeanDefinitionValueResolver.java:365)
	at org.springframework.beans.factory.support.BeanDefinitionValueResolver.resolveValueIfNecessary(BeanDefinitionValueResolver.java:135)
	at org.springframework.beans.factory.support.ConstructorResolver.resolveConstructorArguments(ConstructorResolver.java:685)
	at org.springframework.beans.factory.support.ConstructorResolver.instantiateUsingFactoryMethod(ConstructorResolver.java:509)
	at org.springframework.beans.factory.support.AbstractAutowireCapableBeanFactory.instantiateUsingFactoryMethod(AbstractAutowireCapableBeanFactory.java:1335)
	at org.springframework.beans.factory.support.AbstractAutowireCapableBeanFactory.createBeanInstance(AbstractAutowireCapableBeanFactory.java:1165)
	at org.springframework.beans.factory.support.AbstractAutowireCapableBeanFactory.doCreateBean(AbstractAutowireCapableBeanFactory.java:562)
	at org.springframework.beans.factory.support.AbstractAutowireCapableBeanFactory.createBean(AbstractAutowireCapableBeanFactory.java:522)
	at org.springframework.beans.factory.support.AbstractBeanFactory.lambda$doGetBean$0(AbstractBeanFactory.java:325)
	at org.springframework.beans.factory.support.DefaultSingletonBeanRegistry.getSingleton(DefaultSingletonBeanRegistry.java:234)
	at org.springframework.beans.factory.support.AbstractBeanFactory.doGetBean(AbstractBeanFactory.java:323)
	at org.springframework.beans.factory.support.AbstractBeanFactory.getBean(AbstractBeanFactory.java:199)
	at org.springframework.beans.factory.support.BeanDefinitionValueResolver.resolveReference(BeanDefinitionValueResolver.java:365)
	at org.springframework.beans.factory.support.BeanDefinitionValueResolver.resolveValueIfNecessary(BeanDefinitionValueResolver.java:135)
	at org.springframework.beans.factory.support.AbstractAutowireCapableBeanFactory.applyPropertyValues(AbstractAutowireCapableBeanFactory.java:1685)
	at org.springframework.beans.factory.support.AbstractAutowireCapableBeanFactory.populateBean(AbstractAutowireCapableBeanFactory.java:1434)
	at org.springframework.beans.factory.support.AbstractAutowireCapableBeanFactory.doCreateBean(AbstractAutowireCapableBeanFactory.java:599)
	at org.springframework.beans.factory.support.AbstractAutowireCapableBeanFactory.createBean(AbstractAutowireCapableBeanFactory.java:522)
	at org.springframework.beans.factory.support.AbstractBeanFactory.lambda$doGetBean$0(AbstractBeanFactory.java:325)
	at org.springframework.beans.factory.support.DefaultSingletonBeanRegistry.getSingleton(DefaultSingletonBeanRegistry.java:234)
	at org.springframework.beans.factory.support.AbstractBeanFactory.doGetBean(AbstractBeanFactory.java:323)
	at org.springframework.beans.factory.support.AbstractBeanFactory.getBean(AbstractBeanFactory.java:199)
	at org.springframework.beans.factory.config.DependencyDescriptor.resolveCandidate(DependencyDescriptor.java:254)
	at org.springframework.beans.factory.support.DefaultListableBeanFactory.doResolveDependency(DefaultListableBeanFactory.java:1443)
	at org.springframework.beans.factory.support.DefaultListableBeanFactory.resolveDependency(DefaultListableBeanFactory.java:1353)
	at org.springframework.beans.factory.annotation.AutowiredAnnotationBeanPostProcessor$AutowiredFieldElement.resolveFieldValue(AutowiredAnnotationBeanPostProcessor.java:784)
	at org.springframework.beans.factory.annotation.AutowiredAnnotationBeanPostProcessor$AutowiredFieldElement.inject(AutowiredAnnotationBeanPostProcessor.java:767)
	at org.springframework.beans.factory.annotation.InjectionMetadata.inject(InjectionMetadata.java:145)
	at org.springframework.beans.factory.annotation.AutowiredAnnotationBeanPostProcessor.postProcessProperties(AutowiredAnnotationBeanPostProcessor.java:508)
	at org.springframework.beans.factory.support.AbstractAutowireCapableBeanFactory.populateBean(AbstractAutowireCapableBeanFactory.java:1419)
	at org.springframework.beans.factory.support.AbstractAutowireCapableBeanFactory.doCreateBean(AbstractAutowireCapableBeanFactory.java:599)
	at org.springframework.beans.factory.support.AbstractAutowireCapableBeanFactory.createBean(AbstractAutowireCapableBeanFactory.java:522)
	at org.springframework.beans.factory.support.AbstractBeanFactory.lambda$doGetBean$0(AbstractBeanFactory.java:325)
	at org.springframework.beans.factory.support.DefaultSingletonBeanRegistry.getSingleton(DefaultSingletonBeanRegistry.java:234)
	at org.springframework.beans.factory.support.AbstractBeanFactory.doGetBean(AbstractBeanFactory.java:323)
	at org.springframework.beans.factory.support.AbstractBeanFactory.getBean(AbstractBeanFactory.java:199)
	at org.springframework.beans.factory.config.DependencyDescriptor.resolveCandidate(DependencyDescriptor.java:254)
	at org.springframework.beans.factory.support.DefaultListableBeanFactory.doResolveDependency(DefaultListableBeanFactory.java:1443)
	at org.springframework.beans.factory.support.DefaultListableBeanFactory.resolveDependency(DefaultListableBeanFactory.java:1353)
	at org.springframework.beans.factory.annotation.AutowiredAnnotationBeanPostProcessor$AutowiredFieldElement.resolveFieldValue(AutowiredAnnotationBeanPostProcessor.java:784)
	at org.springframework.beans.factory.annotation.AutowiredAnnotationBeanPostProcessor$AutowiredFieldElement.inject(AutowiredAnnotationBeanPostProcessor.java:767)
	at org.springframework.beans.factory.annotation.InjectionMetadata.inject(InjectionMetadata.java:145)
	at org.springframework.beans.factory.annotation.AutowiredAnnotationBeanPostProcessor.postProcessProperties(AutowiredAnnotationBeanPostProcessor.java:508)
	at org.springframework.beans.factory.support.AbstractAutowireCapableBeanFactory.populateBean(AbstractAutowireCapableBeanFactory.java:1419)
	at org.springframework.beans.factory.support.AbstractAutowireCapableBeanFactory.doCreateBean(AbstractAutowireCapableBeanFactory.java:599)
	at org.springframework.beans.factory.support.AbstractAutowireCapableBeanFactory.createBean(AbstractAutowireCapableBeanFactory.java:522)
	at org.springframework.beans.factory.support.AbstractBeanFactory.lambda$doGetBean$0(AbstractBeanFactory.java:325)
	at org.springframework.beans.factory.support.DefaultSingletonBeanRegistry.getSingleton(DefaultSingletonBeanRegistry.java:234)
	at org.springframework.beans.factory.support.AbstractBeanFactory.doGetBean(AbstractBeanFactory.java:323)
	at org.springframework.beans.factory.support.AbstractBeanFactory.getBean(AbstractBeanFactory.java:204)
	at org.springframework.boot.web.servlet.ServletContextInitializerBeans.getOrderedBeansOfType(ServletContextInitializerBeans.java:210)
	at org.springframework.boot.web.servlet.ServletContextInitializerBeans.addAsRegistrationBean(ServletContextInitializerBeans.java:173)
	at org.springframework.boot.web.servlet.ServletContextInitializerBeans.addAsRegistrationBean(ServletContextInitializerBeans.java:168)
	at org.springframework.boot.web.servlet.ServletContextInitializerBeans.addAdaptableBeans(ServletContextInitializerBeans.java:153)
	at org.springframework.boot.web.servlet.ServletContextInitializerBeans.<init>(ServletContextInitializerBeans.java:86)
	at org.springframework.boot.web.servlet.context.ServletWebServerApplicationContext.getServletContextInitializerBeans(ServletWebServerApplicationContext.java:266)
	at org.springframework.boot.web.servlet.context.ServletWebServerApplicationContext.selfInitialize(ServletWebServerApplicationContext.java:240)
	at org.springframework.boot.web.embedded.tomcat.TomcatStarter.onStartup(TomcatStarter.java:52)
	at org.apache.catalina.core.StandardContext.startInternal(StandardContext.java:4866)
	at org.apache.catalina.util.LifecycleBase.start(LifecycleBase.java:171)
	at org.apache.catalina.core.ContainerBase$StartChild.call(ContainerBase.java:1332)
	at org.apache.catalina.core.ContainerBase$StartChild.call(ContainerBase.java:1322)
	at java.base/java.util.concurrent.FutureTask.run(FutureTask.java:317)
	at org.apache.tomcat.util.threads.InlineExecutorService.execute(InlineExecutorService.java:75)
	at java.base/java.util.concurrent.AbstractExecutorService.submit(AbstractExecutorService.java:145)
	at org.apache.catalina.core.ContainerBase.startInternal(ContainerBase.java:866)
	at org.apache.catalina.core.StandardHost.startInternal(StandardHost.java:845)
	at org.apache.catalina.util.LifecycleBase.start(LifecycleBase.java:171)
	at org.apache.catalina.core.ContainerBase$StartChild.call(ContainerBase.java:1332)
	at org.apache.catalina.core.ContainerBase$StartChild.call(ContainerBase.java:1322)
	at java.base/java.util.concurrent.FutureTask.run(FutureTask.java:317)
	at org.apache.tomcat.util.threads.InlineExecutorService.execute(InlineExecutorService.java:75)
	at java.base/java.util.concurrent.AbstractExecutorService.submit(AbstractExecutorService.java:145)
	at org.apache.catalina.core.ContainerBase.startInternal(ContainerBase.java:866)
	at org.apache.catalina.core.StandardEngine.startInternal(StandardEngine.java:240)
	at org.apache.catalina.util.LifecycleBase.start(LifecycleBase.java:171)
	at org.apache.catalina.core.StandardService.startInternal(StandardService.java:433)
	at org.apache.catalina.util.LifecycleBase.start(LifecycleBase.java:171)
	at org.apache.catalina.core.StandardServer.startInternal(StandardServer.java:921)
	at org.apache.catalina.util.LifecycleBase.start(LifecycleBase.java:171)
	at org.apache.catalina.startup.Tomcat.start(Tomcat.java:437)
	at org.springframework.boot.web.embedded.tomcat.TomcatWebServer.initialize(TomcatWebServer.java:126)
	at org.springframework.boot.web.embedded.tomcat.TomcatWebServer.<init>(TomcatWebServer.java:105)
	at org.springframework.boot.web.embedded.tomcat.TomcatServletWebServerFactory.getTomcatWebServer(TomcatServletWebServerFactory.java:499)
	at org.springframework.boot.web.embedded.tomcat.TomcatServletWebServerFactory.getWebServer(TomcatServletWebServerFactory.java:218)
	at org.springframework.boot.web.servlet.context.ServletWebServerApplicationContext.createWebServer(ServletWebServerApplicationContext.java:188)
	at org.springframework.boot.web.servlet.context.ServletWebServerApplicationContext.onRefresh(ServletWebServerApplicationContext.java:162)
	at org.springframework.context.support.AbstractApplicationContext.refresh(AbstractApplicationContext.java:618)
	at org.springframework.boot.web.servlet.context.ServletWebServerApplicationContext.refresh(ServletWebServerApplicationContext.java:146)
	at org.springframework.boot.SpringApplication.refresh(SpringApplication.java:754)
	at org.springframework.boot.SpringApplication.refreshContext(SpringApplication.java:456)
	at org.springframework.boot.SpringApplication.run(SpringApplication.java:334)
	at org.springframework.boot.SpringApplication.run(SpringApplication.java:1354)
	at org.springframework.boot.SpringApplication.run(SpringApplication.java:1343)
	at mls.sho.dms.ShoproPosServerApplication.main(ShoproPosServerApplication.java:11)
Caused by: java.net.ConnectException: Connection refused
	at java.base/sun.nio.ch.Net.pollConnect(Native Method)
	at java.base/sun.nio.ch.Net.pollConnectNow(Net.java:690)
	at java.base/sun.nio.ch.NioSocketImpl.timedFinishConnect(NioSocketImpl.java:542)
	at java.base/sun.nio.ch.NioSocketImpl.connect(NioSocketImpl.java:592)
	at java.base/java.net.SocksSocketImpl.connect(SocksSocketImpl.java:327)
	at java.base/java.net.Socket.connect(Socket.java:751)
	at org.postgresql.core.PGStream.createSocket(PGStream.java:243)
	at org.postgresql.core.PGStream.<init>(PGStream.java:98)
	at org.postgresql.core.v3.ConnectionFactoryImpl.tryConnect(ConnectionFactoryImpl.java:132)
	at org.postgresql.core.v3.ConnectionFactoryImpl.openConnectionImpl(ConnectionFactoryImpl.java:258)
	... 121 common frames omitted

2026-03-29T13:02:53.206+05:30 ERROR 264591 --- [shopro-pos-server] [main] o.s.b.web.embedded.tomcat.TomcatStarter  : Error starting Tomcat context. Exception: org.springframework.beans.factory.UnsatisfiedDependencyException. Message: Error creating bean with name 'DPoPFilter': Unsatisfied dependency expressed through field 'dpopService': Error creating bean with name 'DPoPService': Unsatisfied dependency expressed through field 'deviceBindingRepository': Error creating bean with name 'deviceBindingRepository' defined in mls.sho.dms.repository.staff.DeviceBindingRepository defined in @EnableJpaRepositories declared on JpaRepositoriesRegistrar.EnableJpaRepositoriesConfiguration: Cannot resolve reference to bean 'jpaSharedEM_entityManagerFactory' while setting bean property 'entityManager'
2026-03-29T13:02:53.262+05:30  INFO 264591 --- [shopro-pos-server] [main] o.apache.catalina.core.StandardService   : Stopping service [Tomcat]
2026-03-29T13:02:53.271+05:30  WARN 264591 --- [shopro-pos-server] [main] ConfigServletWebServerApplicationContext : Exception encountered during context initialization - cancelling refresh attempt: org.springframework.context.ApplicationContextException: Unable to start web server
2026-03-29T13:02:53.303+05:30  INFO 264591 --- [shopro-pos-server] [main] .s.b.a.l.ConditionEvaluationReportLogger : 

Error starting ApplicationContext. To display the condition evaluation report re-run your application with 'debug' enabled.
2026-03-29T13:02:53.321+05:30 ERROR 264591 --- [shopro-pos-server] [main] o.s.boot.SpringApplication               : Application run failed

org.springframework.context.ApplicationContextException: Unable to start web server
	at org.springframework.boot.web.servlet.context.ServletWebServerApplicationContext.onRefresh(ServletWebServerApplicationContext.java:165)
	at org.springframework.context.support.AbstractApplicationContext.refresh(AbstractApplicationContext.java:618)
	at org.springframework.boot.web.servlet.context.ServletWebServerApplicationContext.refresh(ServletWebServerApplicationContext.java:146)
	at org.springframework.boot.SpringApplication.refresh(SpringApplication.java:754)
	at org.springframework.boot.SpringApplication.refreshContext(SpringApplication.java:456)
	at org.springframework.boot.SpringApplication.run(SpringApplication.java:334)
	at org.springframework.boot.SpringApplication.run(SpringApplication.java:1354)
	at org.springframework.boot.SpringApplication.run(SpringApplication.java:1343)
	at mls.sho.dms.ShoproPosServerApplication.main(ShoproPosServerApplication.java:11)
Caused by: org.springframework.boot.web.server.WebServerException: Unable to start embedded Tomcat
	at org.springframework.boot.web.embedded.tomcat.TomcatWebServer.initialize(TomcatWebServer.java:145)
	at org.springframework.boot.web.embedded.tomcat.TomcatWebServer.<init>(TomcatWebServer.java:105)
	at org.springframework.boot.web.embedded.tomcat.TomcatServletWebServerFactory.getTomcatWebServer(TomcatServletWebServerFactory.java:499)
	at org.springframework.boot.web.embedded.tomcat.TomcatServletWebServerFactory.getWebServer(TomcatServletWebServerFactory.java:218)
	at org.springframework.boot.web.servlet.context.ServletWebServerApplicationContext.createWebServer(ServletWebServerApplicationContext.java:188)
	at org.springframework.boot.web.servlet.context.ServletWebServerApplicationContext.onRefresh(ServletWebServerApplicationContext.java:162)
	... 8 common frames omitted
Caused by: org.springframework.beans.factory.UnsatisfiedDependencyException: Error creating bean with name 'DPoPFilter': Unsatisfied dependency expressed through field 'dpopService': Error creating bean with name 'DPoPService': Unsatisfied dependency expressed through field 'deviceBindingRepository': Error creating bean with name 'deviceBindingRepository' defined in mls.sho.dms.repository.staff.DeviceBindingRepository defined in @EnableJpaRepositories declared on JpaRepositoriesRegistrar.EnableJpaRepositoriesConfiguration: Cannot resolve reference to bean 'jpaSharedEM_entityManagerFactory' while setting bean property 'entityManager'
	at org.springframework.beans.factory.annotation.AutowiredAnnotationBeanPostProcessor$AutowiredFieldElement.resolveFieldValue(AutowiredAnnotationBeanPostProcessor.java:787)
	at org.springframework.beans.factory.annotation.AutowiredAnnotationBeanPostProcessor$AutowiredFieldElement.inject(AutowiredAnnotationBeanPostProcessor.java:767)
	at org.springframework.beans.factory.annotation.InjectionMetadata.inject(InjectionMetadata.java:145)
	at org.springframework.beans.factory.annotation.AutowiredAnnotationBeanPostProcessor.postProcessProperties(AutowiredAnnotationBeanPostProcessor.java:508)
	at org.springframework.beans.factory.support.AbstractAutowireCapableBeanFactory.populateBean(AbstractAutowireCapableBeanFactory.java:1419)
	at org.springframework.beans.factory.support.AbstractAutowireCapableBeanFactory.doCreateBean(AbstractAutowireCapableBeanFactory.java:599)
	at org.springframework.beans.factory.support.AbstractAutowireCapableBeanFactory.createBean(AbstractAutowireCapableBeanFactory.java:522)
	at org.springframework.beans.factory.support.AbstractBeanFactory.lambda$doGetBean$0(AbstractBeanFactory.java:325)
	at org.springframework.beans.factory.support.DefaultSingletonBeanRegistry.getSingleton(DefaultSingletonBeanRegistry.java:234)
	at org.springframework.beans.factory.support.AbstractBeanFactory.doGetBean(AbstractBeanFactory.java:323)
	at org.springframework.beans.factory.support.AbstractBeanFactory.getBean(AbstractBeanFactory.java:204)
	at org.springframework.boot.web.servlet.ServletContextInitializerBeans.getOrderedBeansOfType(ServletContextInitializerBeans.java:210)
	at org.springframework.boot.web.servlet.ServletContextInitializerBeans.addAsRegistrationBean(ServletContextInitializerBeans.java:173)
	at org.springframework.boot.web.servlet.ServletContextInitializerBeans.addAsRegistrationBean(ServletContextInitializerBeans.java:168)
	at org.springframework.boot.web.servlet.ServletContextInitializerBeans.addAdaptableBeans(ServletContextInitializerBeans.java:153)
	at org.springframework.boot.web.servlet.ServletContextInitializerBeans.<init>(ServletContextInitializerBeans.java:86)
	at org.springframework.boot.web.servlet.context.ServletWebServerApplicationContext.getServletContextInitializerBeans(ServletWebServerApplicationContext.java:266)
	at org.springframework.boot.web.servlet.context.ServletWebServerApplicationContext.selfInitialize(ServletWebServerApplicationContext.java:240)
	at org.springframework.boot.web.embedded.tomcat.TomcatStarter.onStartup(TomcatStarter.java:52)
	at org.apache.catalina.core.StandardContext.startInternal(StandardContext.java:4866)
	at org.apache.catalina.util.LifecycleBase.start(LifecycleBase.java:171)
	at org.apache.catalina.core.ContainerBase$StartChild.call(ContainerBase.java:1332)
	at org.apache.catalina.core.ContainerBase$StartChild.call(ContainerBase.java:1322)
	at java.base/java.util.concurrent.FutureTask.run(FutureTask.java:317)
	at org.apache.tomcat.util.threads.InlineExecutorService.execute(InlineExecutorService.java:75)
	at java.base/java.util.concurrent.AbstractExecutorService.submit(AbstractExecutorService.java:145)
	at org.apache.catalina.core.ContainerBase.startInternal(ContainerBase.java:866)
	at org.apache.catalina.core.StandardHost.startInternal(StandardHost.java:845)
	at org.apache.catalina.util.LifecycleBase.start(LifecycleBase.java:171)
	at org.apache.catalina.core.ContainerBase$StartChild.call(ContainerBase.java:1332)
	at org.apache.catalina.core.ContainerBase$StartChild.call(ContainerBase.java:1322)
	at java.base/java.util.concurrent.FutureTask.run(FutureTask.java:317)
	at org.apache.tomcat.util.threads.InlineExecutorService.execute(InlineExecutorService.java:75)
	at java.base/java.util.concurrent.AbstractExecutorService.submit(AbstractExecutorService.java:145)
	at org.apache.catalina.core.ContainerBase.startInternal(ContainerBase.java:866)
	at org.apache.catalina.core.StandardEngine.startInternal(StandardEngine.java:240)
	at org.apache.catalina.util.LifecycleBase.start(LifecycleBase.java:171)
	at org.apache.catalina.core.StandardService.startInternal(StandardService.java:433)
	at org.apache.catalina.util.LifecycleBase.start(LifecycleBase.java:171)
	at org.apache.catalina.core.StandardServer.startInternal(StandardServer.java:921)
	at org.apache.catalina.util.LifecycleBase.start(LifecycleBase.java:171)
	at org.apache.catalina.startup.Tomcat.start(Tomcat.java:437)
	at org.springframework.boot.web.embedded.tomcat.TomcatWebServer.initialize(TomcatWebServer.java:126)
	... 13 common frames omitted
Caused by: org.springframework.beans.factory.UnsatisfiedDependencyException: Error creating bean with name 'DPoPService': Unsatisfied dependency expressed through field 'deviceBindingRepository': Error creating bean with name 'deviceBindingRepository' defined in mls.sho.dms.repository.staff.DeviceBindingRepository defined in @EnableJpaRepositories declared on JpaRepositoriesRegistrar.EnableJpaRepositoriesConfiguration: Cannot resolve reference to bean 'jpaSharedEM_entityManagerFactory' while setting bean property 'entityManager'
	at org.springframework.beans.factory.annotation.AutowiredAnnotationBeanPostProcessor$AutowiredFieldElement.resolveFieldValue(AutowiredAnnotationBeanPostProcessor.java:787)
	at org.springframework.beans.factory.annotation.AutowiredAnnotationBeanPostProcessor$AutowiredFieldElement.inject(AutowiredAnnotationBeanPostProcessor.java:767)
	at org.springframework.beans.factory.annotation.InjectionMetadata.inject(InjectionMetadata.java:145)
	at org.springframework.beans.factory.annotation.AutowiredAnnotationBeanPostProcessor.postProcessProperties(AutowiredAnnotationBeanPostProcessor.java:508)
	at org.springframework.beans.factory.support.AbstractAutowireCapableBeanFactory.populateBean(AbstractAutowireCapableBeanFactory.java:1419)
	at org.springframework.beans.factory.support.AbstractAutowireCapableBeanFactory.doCreateBean(AbstractAutowireCapableBeanFactory.java:599)
	at org.springframework.beans.factory.support.AbstractAutowireCapableBeanFactory.createBean(AbstractAutowireCapableBeanFactory.java:522)
	at org.springframework.beans.factory.support.AbstractBeanFactory.lambda$doGetBean$0(AbstractBeanFactory.java:325)
	at org.springframework.beans.factory.support.DefaultSingletonBeanRegistry.getSingleton(DefaultSingletonBeanRegistry.java:234)
	at org.springframework.beans.factory.support.AbstractBeanFactory.doGetBean(AbstractBeanFactory.java:323)
	at org.springframework.beans.factory.support.AbstractBeanFactory.getBean(AbstractBeanFactory.java:199)
	at org.springframework.beans.factory.config.DependencyDescriptor.resolveCandidate(DependencyDescriptor.java:254)
	at org.springframework.beans.factory.support.DefaultListableBeanFactory.doResolveDependency(DefaultListableBeanFactory.java:1443)
	at org.springframework.beans.factory.support.DefaultListableBeanFactory.resolveDependency(DefaultListableBeanFactory.java:1353)
	at org.springframework.beans.factory.annotation.AutowiredAnnotationBeanPostProcessor$AutowiredFieldElement.resolveFieldValue(AutowiredAnnotationBeanPostProcessor.java:784)
	... 55 common frames omitted
Caused by: org.springframework.beans.factory.BeanCreationException: Error creating bean with name 'deviceBindingRepository' defined in mls.sho.dms.repository.staff.DeviceBindingRepository defined in @EnableJpaRepositories declared on JpaRepositoriesRegistrar.EnableJpaRepositoriesConfiguration: Cannot resolve reference to bean 'jpaSharedEM_entityManagerFactory' while setting bean property 'entityManager'
	at org.springframework.beans.factory.support.BeanDefinitionValueResolver.resolveReference(BeanDefinitionValueResolver.java:377)
	at org.springframework.beans.factory.support.BeanDefinitionValueResolver.resolveValueIfNecessary(BeanDefinitionValueResolver.java:135)
	at org.springframework.beans.factory.support.AbstractAutowireCapableBeanFactory.applyPropertyValues(AbstractAutowireCapableBeanFactory.java:1685)
	at org.springframework.beans.factory.support.AbstractAutowireCapableBeanFactory.populateBean(AbstractAutowireCapableBeanFactory.java:1434)
	at org.springframework.beans.factory.support.AbstractAutowireCapableBeanFactory.doCreateBean(AbstractAutowireCapableBeanFactory.java:599)
	at org.springframework.beans.factory.support.AbstractAutowireCapableBeanFactory.createBean(AbstractAutowireCapableBeanFactory.java:522)
	at org.springframework.beans.factory.support.AbstractBeanFactory.lambda$doGetBean$0(AbstractBeanFactory.java:325)
	at org.springframework.beans.factory.support.DefaultSingletonBeanRegistry.getSingleton(DefaultSingletonBeanRegistry.java:234)
	at org.springframework.beans.factory.support.AbstractBeanFactory.doGetBean(AbstractBeanFactory.java:323)
	at org.springframework.beans.factory.support.AbstractBeanFactory.getBean(AbstractBeanFactory.java:199)
	at org.springframework.beans.factory.config.DependencyDescriptor.resolveCandidate(DependencyDescriptor.java:254)
	at org.springframework.beans.factory.support.DefaultListableBeanFactory.doResolveDependency(DefaultListableBeanFactory.java:1443)
	at org.springframework.beans.factory.support.DefaultListableBeanFactory.resolveDependency(DefaultListableBeanFactory.java:1353)
	at org.springframework.beans.factory.annotation.AutowiredAnnotationBeanPostProcessor$AutowiredFieldElement.resolveFieldValue(AutowiredAnnotationBeanPostProcessor.java:784)
	... 69 common frames omitted
Caused by: org.springframework.beans.factory.BeanCreationException: Error creating bean with name 'jpaSharedEM_entityManagerFactory': Cannot resolve reference to bean 'entityManagerFactory' while setting constructor argument
	at org.springframework.beans.factory.support.BeanDefinitionValueResolver.resolveReference(BeanDefinitionValueResolver.java:377)
	at org.springframework.beans.factory.support.BeanDefinitionValueResolver.resolveValueIfNecessary(BeanDefinitionValueResolver.java:135)
	at org.springframework.beans.factory.support.ConstructorResolver.resolveConstructorArguments(ConstructorResolver.java:685)
	at org.springframework.beans.factory.support.ConstructorResolver.instantiateUsingFactoryMethod(ConstructorResolver.java:509)
	at org.springframework.beans.factory.support.AbstractAutowireCapableBeanFactory.instantiateUsingFactoryMethod(AbstractAutowireCapableBeanFactory.java:1335)
	at org.springframework.beans.factory.support.AbstractAutowireCapableBeanFactory.createBeanInstance(AbstractAutowireCapableBeanFactory.java:1165)
	at org.springframework.beans.factory.support.AbstractAutowireCapableBeanFactory.doCreateBean(AbstractAutowireCapableBeanFactory.java:562)
	at org.springframework.beans.factory.support.AbstractAutowireCapableBeanFactory.createBean(AbstractAutowireCapableBeanFactory.java:522)
	at org.springframework.beans.factory.support.AbstractBeanFactory.lambda$doGetBean$0(AbstractBeanFactory.java:325)
	at org.springframework.beans.factory.support.DefaultSingletonBeanRegistry.getSingleton(DefaultSingletonBeanRegistry.java:234)
	at org.springframework.beans.factory.support.AbstractBeanFactory.doGetBean(AbstractBeanFactory.java:323)
	at org.springframework.beans.factory.support.AbstractBeanFactory.getBean(AbstractBeanFactory.java:199)
	at org.springframework.beans.factory.support.BeanDefinitionValueResolver.resolveReference(BeanDefinitionValueResolver.java:365)
	... 82 common frames omitted
Caused by: org.springframework.beans.factory.BeanCreationException: Error creating bean with name 'flywayInitializer' defined in class path resource [org/springframework/boot/autoconfigure/flyway/FlywayAutoConfiguration$FlywayConfiguration.class]: Unable to obtain connection from database: Connection to localhost:5432 refused. Check that the hostname and port are correct and that the postmaster is accepting TCP/IP connections.
--------------------------------------------------------------------------------------------------------------------------------------------------------------------------------------
SQL State  : 08001
Error Code : 0
Message    : Connection to localhost:5432 refused. Check that the hostname and port are correct and that the postmaster is accepting TCP/IP connections.

	at org.springframework.beans.factory.support.AbstractAutowireCapableBeanFactory.initializeBean(AbstractAutowireCapableBeanFactory.java:1786)
	at org.springframework.beans.factory.support.AbstractAutowireCapableBeanFactory.doCreateBean(AbstractAutowireCapableBeanFactory.java:600)
	at org.springframework.beans.factory.support.AbstractAutowireCapableBeanFactory.createBean(AbstractAutowireCapableBeanFactory.java:522)
	at org.springframework.beans.factory.support.AbstractBeanFactory.lambda$doGetBean$0(AbstractBeanFactory.java:325)
	at org.springframework.beans.factory.support.DefaultSingletonBeanRegistry.getSingleton(DefaultSingletonBeanRegistry.java:234)
	at org.springframework.beans.factory.support.AbstractBeanFactory.doGetBean(AbstractBeanFactory.java:323)
	at org.springframework.beans.factory.support.AbstractBeanFactory.getBean(AbstractBeanFactory.java:199)
	at org.springframework.beans.factory.support.AbstractBeanFactory.doGetBean(AbstractBeanFactory.java:312)
	at org.springframework.beans.factory.support.AbstractBeanFactory.getBean(AbstractBeanFactory.java:199)
	at org.springframework.beans.factory.support.BeanDefinitionValueResolver.resolveReference(BeanDefinitionValueResolver.java:365)
	... 94 common frames omitted
Caused by: org.flywaydb.core.internal.exception.FlywaySqlException: Unable to obtain connection from database: Connection to localhost:5432 refused. Check that the hostname and port are correct and that the postmaster is accepting TCP/IP connections.
--------------------------------------------------------------------------------------------------------------------------------------------------------------------------------------
SQL State  : 08001
Error Code : 0
Message    : Connection to localhost:5432 refused. Check that the hostname and port are correct and that the postmaster is accepting TCP/IP connections.

	at org.flywaydb.core.internal.jdbc.JdbcUtils.openConnection(JdbcUtils.java:60)
	at org.flywaydb.core.internal.jdbc.JdbcConnectionFactory.<init>(JdbcConnectionFactory.java:74)
	at org.flywaydb.core.FlywayExecutor.execute(FlywayExecutor.java:142)
	at org.flywaydb.core.Flyway.migrate(Flyway.java:140)
	at org.springframework.boot.autoconfigure.flyway.FlywayMigrationInitializer.afterPropertiesSet(FlywayMigrationInitializer.java:66)
	at org.springframework.beans.factory.support.AbstractAutowireCapableBeanFactory.invokeInitMethods(AbstractAutowireCapableBeanFactory.java:1833)
	at org.springframework.beans.factory.support.AbstractAutowireCapableBeanFactory.initializeBean(AbstractAutowireCapableBeanFactory.java:1782)
	... 103 common frames omitted
Caused by: org.postgresql.util.PSQLException: Connection to localhost:5432 refused. Check that the hostname and port are correct and that the postmaster is accepting TCP/IP connections.
	at org.postgresql.core.v3.ConnectionFactoryImpl.openConnectionImpl(ConnectionFactoryImpl.java:342)
	at org.postgresql.core.ConnectionFactory.openConnection(ConnectionFactory.java:54)
	at org.postgresql.jdbc.PgConnection.<init>(PgConnection.java:263)
	at org.postgresql.Driver.makeConnection(Driver.java:443)
	at org.postgresql.Driver.connect(Driver.java:297)
	at com.zaxxer.hikari.util.DriverDataSource.getConnection(DriverDataSource.java:138)
	at com.zaxxer.hikari.pool.PoolBase.newConnection(PoolBase.java:359)
	at com.zaxxer.hikari.pool.PoolBase.newPoolEntry(PoolBase.java:201)
	at com.zaxxer.hikari.pool.HikariPool.createPoolEntry(HikariPool.java:470)
	at com.zaxxer.hikari.pool.HikariPool.checkFailFast(HikariPool.java:561)
	at com.zaxxer.hikari.pool.HikariPool.<init>(HikariPool.java:100)
	at com.zaxxer.hikari.HikariDataSource.getConnection(HikariDataSource.java:112)
	at org.flywaydb.core.internal.jdbc.JdbcUtils.openConnection(JdbcUtils.java:48)
	... 109 common frames omitted
Caused by: java.net.ConnectException: Connection refused
	at java.base/sun.nio.ch.Net.pollConnect(Native Method)
	at java.base/sun.nio.ch.Net.pollConnectNow(Net.java:690)
	at java.base/sun.nio.ch.NioSocketImpl.timedFinishConnect(NioSocketImpl.java:542)
	at java.base/sun.nio.ch.NioSocketImpl.connect(NioSocketImpl.java:592)
	at java.base/java.net.SocksSocketImpl.connect(SocksSocketImpl.java:327)
	at java.base/java.net.Socket.connect(Socket.java:751)
	at org.postgresql.core.PGStream.createSocket(PGStream.java:243)
	at org.postgresql.core.PGStream.<init>(PGStream.java:98)
	at org.postgresql.core.v3.ConnectionFactoryImpl.tryConnect(ConnectionFactoryImpl.java:132)
	at org.postgresql.core.v3.ConnectionFactoryImpl.openConnectionImpl(ConnectionFactoryImpl.java:258)
	... 121 common frames omitted

2026-03-29T13:03:05.605+05:30  INFO 264872 --- [shopro-pos-server] [main] mls.sho.dms.ShoproPosServerApplication   : Starting ShoproPosServerApplication using Java 21.0.9 with PID 264872 (/home/arun/IdeaProjects/shopro-pos/shopro-sabz-server/build/classes/java/main started by arun in /home/arun/IdeaProjects/shopro-pos/shopro-sabz-server)
2026-03-29T13:03:05.606+05:30 DEBUG 264872 --- [shopro-pos-server] [main] mls.sho.dms.ShoproPosServerApplication   : Running with Spring Boot v3.2.3, Spring v6.1.4
2026-03-29T13:03:05.607+05:30  INFO 264872 --- [shopro-pos-server] [main] mls.sho.dms.ShoproPosServerApplication   : No active profile set, falling back to 1 default profile: "default"
2026-03-29T13:03:06.634+05:30  INFO 264872 --- [shopro-pos-server] [main] .s.d.r.c.RepositoryConfigurationDelegate : Bootstrapping Spring Data JPA repositories in DEFAULT mode.
2026-03-29T13:03:06.912+05:30  INFO 264872 --- [shopro-pos-server] [main] .s.d.r.c.RepositoryConfigurationDelegate : Finished Spring Data repository scanning in 271 ms. Found 90 JPA repository interfaces.
2026-03-29T13:03:07.694+05:30  INFO 264872 --- [shopro-pos-server] [main] o.s.b.w.embedded.tomcat.TomcatWebServer  : Tomcat initialized with port 8080 (http)
2026-03-29T13:03:07.705+05:30  INFO 264872 --- [shopro-pos-server] [main] o.apache.catalina.core.StandardService   : Starting service [Tomcat]
2026-03-29T13:03:07.705+05:30  INFO 264872 --- [shopro-pos-server] [main] o.apache.catalina.core.StandardEngine    : Starting Servlet engine: [Apache Tomcat/10.1.19]
2026-03-29T13:03:07.759+05:30  INFO 264872 --- [shopro-pos-server] [main] o.a.c.c.C.[Tomcat].[localhost].[/]       : Initializing Spring embedded WebApplicationContext
2026-03-29T13:03:07.760+05:30  INFO 264872 --- [shopro-pos-server] [main] w.s.c.ServletWebServerApplicationContext : Root WebApplicationContext: initialization completed in 2121 ms
2026-03-29T13:03:08.255+05:30  INFO 264872 --- [shopro-pos-server] [main] com.zaxxer.hikari.HikariDataSource       : HikariPool-1 - Starting...
2026-03-29T13:03:09.299+05:30 ERROR 264872 --- [shopro-pos-server] [main] com.zaxxer.hikari.pool.HikariPool        : HikariPool-1 - Exception during pool initialization.

org.postgresql.util.PSQLException: Connection to localhost:5432 refused. Check that the hostname and port are correct and that the postmaster is accepting TCP/IP connections.
	at org.postgresql.core.v3.ConnectionFactoryImpl.openConnectionImpl(ConnectionFactoryImpl.java:342)
	at org.postgresql.core.ConnectionFactory.openConnection(ConnectionFactory.java:54)
	at org.postgresql.jdbc.PgConnection.<init>(PgConnection.java:263)
	at org.postgresql.Driver.makeConnection(Driver.java:443)
	at org.postgresql.Driver.connect(Driver.java:297)
	at com.zaxxer.hikari.util.DriverDataSource.getConnection(DriverDataSource.java:138)
	at com.zaxxer.hikari.pool.PoolBase.newConnection(PoolBase.java:359)
	at com.zaxxer.hikari.pool.PoolBase.newPoolEntry(PoolBase.java:201)
	at com.zaxxer.hikari.pool.HikariPool.createPoolEntry(HikariPool.java:470)
	at com.zaxxer.hikari.pool.HikariPool.checkFailFast(HikariPool.java:561)
	at com.zaxxer.hikari.pool.HikariPool.<init>(HikariPool.java:100)
	at com.zaxxer.hikari.HikariDataSource.getConnection(HikariDataSource.java:112)
	at org.flywaydb.core.api.configuration.ClassicConfiguration.setDataSource(ClassicConfiguration.java:1094)
	at org.flywaydb.core.api.configuration.FluentConfiguration.dataSource(FluentConfiguration.java:624)
	at org.springframework.boot.autoconfigure.flyway.FlywayAutoConfiguration$FlywayConfiguration.configureDataSource(FlywayAutoConfiguration.java:185)
	at org.springframework.boot.autoconfigure.flyway.FlywayAutoConfiguration$FlywayConfiguration.flyway(FlywayAutoConfiguration.java:172)
	at java.base/jdk.internal.reflect.DirectMethodHandleAccessor.invoke(DirectMethodHandleAccessor.java:103)
	at java.base/java.lang.reflect.Method.invoke(Method.java:580)
	at org.springframework.beans.factory.support.SimpleInstantiationStrategy.instantiate(SimpleInstantiationStrategy.java:140)
	at org.springframework.beans.factory.support.ConstructorResolver.instantiate(ConstructorResolver.java:647)
	at org.springframework.beans.factory.support.ConstructorResolver.instantiateUsingFactoryMethod(ConstructorResolver.java:639)
	at org.springframework.beans.factory.support.AbstractAutowireCapableBeanFactory.instantiateUsingFactoryMethod(AbstractAutowireCapableBeanFactory.java:1335)
	at org.springframework.beans.factory.support.AbstractAutowireCapableBeanFactory.createBeanInstance(AbstractAutowireCapableBeanFactory.java:1165)
	at org.springframework.beans.factory.support.AbstractAutowireCapableBeanFactory.doCreateBean(AbstractAutowireCapableBeanFactory.java:562)
	at org.springframework.beans.factory.support.AbstractAutowireCapableBeanFactory.createBean(AbstractAutowireCapableBeanFactory.java:522)
	at org.springframework.beans.factory.support.AbstractBeanFactory.lambda$doGetBean$0(AbstractBeanFactory.java:325)
	at org.springframework.beans.factory.support.DefaultSingletonBeanRegistry.getSingleton(DefaultSingletonBeanRegistry.java:234)
	at org.springframework.beans.factory.support.AbstractBeanFactory.doGetBean(AbstractBeanFactory.java:323)
	at org.springframework.beans.factory.support.AbstractBeanFactory.getBean(AbstractBeanFactory.java:199)
	at org.springframework.beans.factory.support.AbstractBeanFactory.doGetBean(AbstractBeanFactory.java:312)
	at org.springframework.beans.factory.support.AbstractBeanFactory.getBean(AbstractBeanFactory.java:199)
	at org.springframework.beans.factory.support.BeanDefinitionValueResolver.resolveReference(BeanDefinitionValueResolver.java:365)
	at org.springframework.beans.factory.support.BeanDefinitionValueResolver.resolveValueIfNecessary(BeanDefinitionValueResolver.java:135)
	at org.springframework.beans.factory.support.ConstructorResolver.resolveConstructorArguments(ConstructorResolver.java:685)
	at org.springframework.beans.factory.support.ConstructorResolver.instantiateUsingFactoryMethod(ConstructorResolver.java:509)
	at org.springframework.beans.factory.support.AbstractAutowireCapableBeanFactory.instantiateUsingFactoryMethod(AbstractAutowireCapableBeanFactory.java:1335)
	at org.springframework.beans.factory.support.AbstractAutowireCapableBeanFactory.createBeanInstance(AbstractAutowireCapableBeanFactory.java:1165)
	at org.springframework.beans.factory.support.AbstractAutowireCapableBeanFactory.doCreateBean(AbstractAutowireCapableBeanFactory.java:562)
	at org.springframework.beans.factory.support.AbstractAutowireCapableBeanFactory.createBean(AbstractAutowireCapableBeanFactory.java:522)
	at org.springframework.beans.factory.support.AbstractBeanFactory.lambda$doGetBean$0(AbstractBeanFactory.java:325)
	at org.springframework.beans.factory.support.DefaultSingletonBeanRegistry.getSingleton(DefaultSingletonBeanRegistry.java:234)
	at org.springframework.beans.factory.support.AbstractBeanFactory.doGetBean(AbstractBeanFactory.java:323)
	at org.springframework.beans.factory.support.AbstractBeanFactory.getBean(AbstractBeanFactory.java:199)
	at org.springframework.beans.factory.support.BeanDefinitionValueResolver.resolveReference(BeanDefinitionValueResolver.java:365)
	at org.springframework.beans.factory.support.BeanDefinitionValueResolver.resolveValueIfNecessary(BeanDefinitionValueResolver.java:135)
	at org.springframework.beans.factory.support.AbstractAutowireCapableBeanFactory.applyPropertyValues(AbstractAutowireCapableBeanFactory.java:1685)
	at org.springframework.beans.factory.support.AbstractAutowireCapableBeanFactory.populateBean(AbstractAutowireCapableBeanFactory.java:1434)
	at org.springframework.beans.factory.support.AbstractAutowireCapableBeanFactory.doCreateBean(AbstractAutowireCapableBeanFactory.java:599)
	at org.springframework.beans.factory.support.AbstractAutowireCapableBeanFactory.createBean(AbstractAutowireCapableBeanFactory.java:522)
	at org.springframework.beans.factory.support.AbstractBeanFactory.lambda$doGetBean$0(AbstractBeanFactory.java:325)
	at org.springframework.beans.factory.support.DefaultSingletonBeanRegistry.getSingleton(DefaultSingletonBeanRegistry.java:234)
	at org.springframework.beans.factory.support.AbstractBeanFactory.doGetBean(AbstractBeanFactory.java:323)
	at org.springframework.beans.factory.support.AbstractBeanFactory.getBean(AbstractBeanFactory.java:199)
	at org.springframework.beans.factory.config.DependencyDescriptor.resolveCandidate(DependencyDescriptor.java:254)
	at org.springframework.beans.factory.support.DefaultListableBeanFactory.doResolveDependency(DefaultListableBeanFactory.java:1443)
	at org.springframework.beans.factory.support.DefaultListableBeanFactory.resolveDependency(DefaultListableBeanFactory.java:1353)
	at org.springframework.beans.factory.annotation.AutowiredAnnotationBeanPostProcessor$AutowiredFieldElement.resolveFieldValue(AutowiredAnnotationBeanPostProcessor.java:784)
	at org.springframework.beans.factory.annotation.AutowiredAnnotationBeanPostProcessor$AutowiredFieldElement.inject(AutowiredAnnotationBeanPostProcessor.java:767)
	at org.springframework.beans.factory.annotation.InjectionMetadata.inject(InjectionMetadata.java:145)
	at org.springframework.beans.factory.annotation.AutowiredAnnotationBeanPostProcessor.postProcessProperties(AutowiredAnnotationBeanPostProcessor.java:508)
	at org.springframework.beans.factory.support.AbstractAutowireCapableBeanFactory.populateBean(AbstractAutowireCapableBeanFactory.java:1419)
	at org.springframework.beans.factory.support.AbstractAutowireCapableBeanFactory.doCreateBean(AbstractAutowireCapableBeanFactory.java:599)
	at org.springframework.beans.factory.support.AbstractAutowireCapableBeanFactory.createBean(AbstractAutowireCapableBeanFactory.java:522)
	at org.springframework.beans.factory.support.AbstractBeanFactory.lambda$doGetBean$0(AbstractBeanFactory.java:325)
	at org.springframework.beans.factory.support.DefaultSingletonBeanRegistry.getSingleton(DefaultSingletonBeanRegistry.java:234)
	at org.springframework.beans.factory.support.AbstractBeanFactory.doGetBean(AbstractBeanFactory.java:323)
	at org.springframework.beans.factory.support.AbstractBeanFactory.getBean(AbstractBeanFactory.java:199)
	at org.springframework.beans.factory.config.DependencyDescriptor.resolveCandidate(DependencyDescriptor.java:254)
	at org.springframework.beans.factory.support.DefaultListableBeanFactory.doResolveDependency(DefaultListableBeanFactory.java:1443)
	at org.springframework.beans.factory.support.DefaultListableBeanFactory.resolveDependency(DefaultListableBeanFactory.java:1353)
	at org.springframework.beans.factory.annotation.AutowiredAnnotationBeanPostProcessor$AutowiredFieldElement.resolveFieldValue(AutowiredAnnotationBeanPostProcessor.java:784)
	at org.springframework.beans.factory.annotation.AutowiredAnnotationBeanPostProcessor$AutowiredFieldElement.inject(AutowiredAnnotationBeanPostProcessor.java:767)
	at org.springframework.beans.factory.annotation.InjectionMetadata.inject(InjectionMetadata.java:145)
	at org.springframework.beans.factory.annotation.AutowiredAnnotationBeanPostProcessor.postProcessProperties(AutowiredAnnotationBeanPostProcessor.java:508)
	at org.springframework.beans.factory.support.AbstractAutowireCapableBeanFactory.populateBean(AbstractAutowireCapableBeanFactory.java:1419)
	at org.springframework.beans.factory.support.AbstractAutowireCapableBeanFactory.doCreateBean(AbstractAutowireCapableBeanFactory.java:599)
	at org.springframework.beans.factory.support.AbstractAutowireCapableBeanFactory.createBean(AbstractAutowireCapableBeanFactory.java:522)
	at org.springframework.beans.factory.support.AbstractBeanFactory.lambda$doGetBean$0(AbstractBeanFactory.java:325)
	at org.springframework.beans.factory.support.DefaultSingletonBeanRegistry.getSingleton(DefaultSingletonBeanRegistry.java:234)
	at org.springframework.beans.factory.support.AbstractBeanFactory.doGetBean(AbstractBeanFactory.java:323)
	at org.springframework.beans.factory.support.AbstractBeanFactory.getBean(AbstractBeanFactory.java:204)
	at org.springframework.boot.web.servlet.ServletContextInitializerBeans.getOrderedBeansOfType(ServletContextInitializerBeans.java:210)
	at org.springframework.boot.web.servlet.ServletContextInitializerBeans.addAsRegistrationBean(ServletContextInitializerBeans.java:173)
	at org.springframework.boot.web.servlet.ServletContextInitializerBeans.addAsRegistrationBean(ServletContextInitializerBeans.java:168)
	at org.springframework.boot.web.servlet.ServletContextInitializerBeans.addAdaptableBeans(ServletContextInitializerBeans.java:153)
	at org.springframework.boot.web.servlet.ServletContextInitializerBeans.<init>(ServletContextInitializerBeans.java:86)
	at org.springframework.boot.web.servlet.context.ServletWebServerApplicationContext.getServletContextInitializerBeans(ServletWebServerApplicationContext.java:266)
	at org.springframework.boot.web.servlet.context.ServletWebServerApplicationContext.selfInitialize(ServletWebServerApplicationContext.java:240)
	at org.springframework.boot.web.embedded.tomcat.TomcatStarter.onStartup(TomcatStarter.java:52)
	at org.apache.catalina.core.StandardContext.startInternal(StandardContext.java:4866)
	at org.apache.catalina.util.LifecycleBase.start(LifecycleBase.java:171)
	at org.apache.catalina.core.ContainerBase$StartChild.call(ContainerBase.java:1332)
	at org.apache.catalina.core.ContainerBase$StartChild.call(ContainerBase.java:1322)
	at java.base/java.util.concurrent.FutureTask.run(FutureTask.java:317)
	at org.apache.tomcat.util.threads.InlineExecutorService.execute(InlineExecutorService.java:75)
	at java.base/java.util.concurrent.AbstractExecutorService.submit(AbstractExecutorService.java:145)
	at org.apache.catalina.core.ContainerBase.startInternal(ContainerBase.java:866)
	at org.apache.catalina.core.StandardHost.startInternal(StandardHost.java:845)
	at org.apache.catalina.util.LifecycleBase.start(LifecycleBase.java:171)
	at org.apache.catalina.core.ContainerBase$StartChild.call(ContainerBase.java:1332)
	at org.apache.catalina.core.ContainerBase$StartChild.call(ContainerBase.java:1322)
	at java.base/java.util.concurrent.FutureTask.run(FutureTask.java:317)
	at org.apache.tomcat.util.threads.InlineExecutorService.execute(InlineExecutorService.java:75)
	at java.base/java.util.concurrent.AbstractExecutorService.submit(AbstractExecutorService.java:145)
	at org.apache.catalina.core.ContainerBase.startInternal(ContainerBase.java:866)
	at org.apache.catalina.core.StandardEngine.startInternal(StandardEngine.java:240)
	at org.apache.catalina.util.LifecycleBase.start(LifecycleBase.java:171)
	at org.apache.catalina.core.StandardService.startInternal(StandardService.java:433)
	at org.apache.catalina.util.LifecycleBase.start(LifecycleBase.java:171)
	at org.apache.catalina.core.StandardServer.startInternal(StandardServer.java:921)
	at org.apache.catalina.util.LifecycleBase.start(LifecycleBase.java:171)
	at org.apache.catalina.startup.Tomcat.start(Tomcat.java:437)
	at org.springframework.boot.web.embedded.tomcat.TomcatWebServer.initialize(TomcatWebServer.java:126)
	at org.springframework.boot.web.embedded.tomcat.TomcatWebServer.<init>(TomcatWebServer.java:105)
	at org.springframework.boot.web.embedded.tomcat.TomcatServletWebServerFactory.getTomcatWebServer(TomcatServletWebServerFactory.java:499)
	at org.springframework.boot.web.embedded.tomcat.TomcatServletWebServerFactory.getWebServer(TomcatServletWebServerFactory.java:218)
	at org.springframework.boot.web.servlet.context.ServletWebServerApplicationContext.createWebServer(ServletWebServerApplicationContext.java:188)
	at org.springframework.boot.web.servlet.context.ServletWebServerApplicationContext.onRefresh(ServletWebServerApplicationContext.java:162)
	at org.springframework.context.support.AbstractApplicationContext.refresh(AbstractApplicationContext.java:618)
	at org.springframework.boot.web.servlet.context.ServletWebServerApplicationContext.refresh(ServletWebServerApplicationContext.java:146)
	at org.springframework.boot.SpringApplication.refresh(SpringApplication.java:754)
	at org.springframework.boot.SpringApplication.refreshContext(SpringApplication.java:456)
	at org.springframework.boot.SpringApplication.run(SpringApplication.java:334)
	at org.springframework.boot.SpringApplication.run(SpringApplication.java:1354)
	at org.springframework.boot.SpringApplication.run(SpringApplication.java:1343)
	at mls.sho.dms.ShoproPosServerApplication.main(ShoproPosServerApplication.java:11)
Caused by: java.net.ConnectException: Connection refused
	at java.base/sun.nio.ch.Net.pollConnect(Native Method)
	at java.base/sun.nio.ch.Net.pollConnectNow(Net.java:690)
	at java.base/sun.nio.ch.NioSocketImpl.timedFinishConnect(NioSocketImpl.java:542)
	at java.base/sun.nio.ch.NioSocketImpl.connect(NioSocketImpl.java:592)
	at java.base/java.net.SocksSocketImpl.connect(SocksSocketImpl.java:327)
	at java.base/java.net.Socket.connect(Socket.java:751)
	at org.postgresql.core.PGStream.createSocket(PGStream.java:243)
	at org.postgresql.core.PGStream.<init>(PGStream.java:98)
	at org.postgresql.core.v3.ConnectionFactoryImpl.tryConnect(ConnectionFactoryImpl.java:132)
	at org.postgresql.core.v3.ConnectionFactoryImpl.openConnectionImpl(ConnectionFactoryImpl.java:258)
	... 125 common frames omitted

2026-03-29T13:03:09.380+05:30  INFO 264872 --- [shopro-pos-server] [main] o.f.c.internal.license.VersionPrinter    : Flyway Community Edition 9.22.3 by Redgate
2026-03-29T13:03:09.381+05:30  INFO 264872 --- [shopro-pos-server] [main] o.f.c.internal.license.VersionPrinter    : See release notes here: https://rd.gt/416ObMi
2026-03-29T13:03:09.381+05:30  INFO 264872 --- [shopro-pos-server] [main] o.f.c.internal.license.VersionPrinter    : 
2026-03-29T13:03:09.395+05:30  INFO 264872 --- [shopro-pos-server] [main] com.zaxxer.hikari.HikariDataSource       : HikariPool-1 - Starting...
2026-03-29T13:03:10.397+05:30 ERROR 264872 --- [shopro-pos-server] [main] com.zaxxer.hikari.pool.HikariPool        : HikariPool-1 - Exception during pool initialization.

org.postgresql.util.PSQLException: Connection to localhost:5432 refused. Check that the hostname and port are correct and that the postmaster is accepting TCP/IP connections.
	at org.postgresql.core.v3.ConnectionFactoryImpl.openConnectionImpl(ConnectionFactoryImpl.java:342)
	at org.postgresql.core.ConnectionFactory.openConnection(ConnectionFactory.java:54)
	at org.postgresql.jdbc.PgConnection.<init>(PgConnection.java:263)
	at org.postgresql.Driver.makeConnection(Driver.java:443)
	at org.postgresql.Driver.connect(Driver.java:297)
	at com.zaxxer.hikari.util.DriverDataSource.getConnection(DriverDataSource.java:138)
	at com.zaxxer.hikari.pool.PoolBase.newConnection(PoolBase.java:359)
	at com.zaxxer.hikari.pool.PoolBase.newPoolEntry(PoolBase.java:201)
	at com.zaxxer.hikari.pool.HikariPool.createPoolEntry(HikariPool.java:470)
	at com.zaxxer.hikari.pool.HikariPool.checkFailFast(HikariPool.java:561)
	at com.zaxxer.hikari.pool.HikariPool.<init>(HikariPool.java:100)
	at com.zaxxer.hikari.HikariDataSource.getConnection(HikariDataSource.java:112)
	at org.flywaydb.core.internal.jdbc.JdbcUtils.openConnection(JdbcUtils.java:48)
	at org.flywaydb.core.internal.jdbc.JdbcConnectionFactory.<init>(JdbcConnectionFactory.java:74)
	at org.flywaydb.core.FlywayExecutor.execute(FlywayExecutor.java:142)
	at org.flywaydb.core.Flyway.migrate(Flyway.java:140)
	at org.springframework.boot.autoconfigure.flyway.FlywayMigrationInitializer.afterPropertiesSet(FlywayMigrationInitializer.java:66)
	at org.springframework.beans.factory.support.AbstractAutowireCapableBeanFactory.invokeInitMethods(AbstractAutowireCapableBeanFactory.java:1833)
	at org.springframework.beans.factory.support.AbstractAutowireCapableBeanFactory.initializeBean(AbstractAutowireCapableBeanFactory.java:1782)
	at org.springframework.beans.factory.support.AbstractAutowireCapableBeanFactory.doCreateBean(AbstractAutowireCapableBeanFactory.java:600)
	at org.springframework.beans.factory.support.AbstractAutowireCapableBeanFactory.createBean(AbstractAutowireCapableBeanFactory.java:522)
	at org.springframework.beans.factory.support.AbstractBeanFactory.lambda$doGetBean$0(AbstractBeanFactory.java:325)
	at org.springframework.beans.factory.support.DefaultSingletonBeanRegistry.getSingleton(DefaultSingletonBeanRegistry.java:234)
	at org.springframework.beans.factory.support.AbstractBeanFactory.doGetBean(AbstractBeanFactory.java:323)
	at org.springframework.beans.factory.support.AbstractBeanFactory.getBean(AbstractBeanFactory.java:199)
	at org.springframework.beans.factory.support.AbstractBeanFactory.doGetBean(AbstractBeanFactory.java:312)
	at org.springframework.beans.factory.support.AbstractBeanFactory.getBean(AbstractBeanFactory.java:199)
	at org.springframework.beans.factory.support.BeanDefinitionValueResolver.resolveReference(BeanDefinitionValueResolver.java:365)
	at org.springframework.beans.factory.support.BeanDefinitionValueResolver.resolveValueIfNecessary(BeanDefinitionValueResolver.java:135)
	at org.springframework.beans.factory.support.ConstructorResolver.resolveConstructorArguments(ConstructorResolver.java:685)
	at org.springframework.beans.factory.support.ConstructorResolver.instantiateUsingFactoryMethod(ConstructorResolver.java:509)
	at org.springframework.beans.factory.support.AbstractAutowireCapableBeanFactory.instantiateUsingFactoryMethod(AbstractAutowireCapableBeanFactory.java:1335)
	at org.springframework.beans.factory.support.AbstractAutowireCapableBeanFactory.createBeanInstance(AbstractAutowireCapableBeanFactory.java:1165)
	at org.springframework.beans.factory.support.AbstractAutowireCapableBeanFactory.doCreateBean(AbstractAutowireCapableBeanFactory.java:562)
	at org.springframework.beans.factory.support.AbstractAutowireCapableBeanFactory.createBean(AbstractAutowireCapableBeanFactory.java:522)
	at org.springframework.beans.factory.support.AbstractBeanFactory.lambda$doGetBean$0(AbstractBeanFactory.java:325)
	at org.springframework.beans.factory.support.DefaultSingletonBeanRegistry.getSingleton(DefaultSingletonBeanRegistry.java:234)
	at org.springframework.beans.factory.support.AbstractBeanFactory.doGetBean(AbstractBeanFactory.java:323)
	at org.springframework.beans.factory.support.AbstractBeanFactory.getBean(AbstractBeanFactory.java:199)
	at org.springframework.beans.factory.support.BeanDefinitionValueResolver.resolveReference(BeanDefinitionValueResolver.java:365)
	at org.springframework.beans.factory.support.BeanDefinitionValueResolver.resolveValueIfNecessary(BeanDefinitionValueResolver.java:135)
	at org.springframework.beans.factory.support.AbstractAutowireCapableBeanFactory.applyPropertyValues(AbstractAutowireCapableBeanFactory.java:1685)
	at org.springframework.beans.factory.support.AbstractAutowireCapableBeanFactory.populateBean(AbstractAutowireCapableBeanFactory.java:1434)
	at org.springframework.beans.factory.support.AbstractAutowireCapableBeanFactory.doCreateBean(AbstractAutowireCapableBeanFactory.java:599)
	at org.springframework.beans.factory.support.AbstractAutowireCapableBeanFactory.createBean(AbstractAutowireCapableBeanFactory.java:522)
	at org.springframework.beans.factory.support.AbstractBeanFactory.lambda$doGetBean$0(AbstractBeanFactory.java:325)
	at org.springframework.beans.factory.support.DefaultSingletonBeanRegistry.getSingleton(DefaultSingletonBeanRegistry.java:234)
	at org.springframework.beans.factory.support.AbstractBeanFactory.doGetBean(AbstractBeanFactory.java:323)
	at org.springframework.beans.factory.support.AbstractBeanFactory.getBean(AbstractBeanFactory.java:199)
	at org.springframework.beans.factory.config.DependencyDescriptor.resolveCandidate(DependencyDescriptor.java:254)
	at org.springframework.beans.factory.support.DefaultListableBeanFactory.doResolveDependency(DefaultListableBeanFactory.java:1443)
	at org.springframework.beans.factory.support.DefaultListableBeanFactory.resolveDependency(DefaultListableBeanFactory.java:1353)
	at org.springframework.beans.factory.annotation.AutowiredAnnotationBeanPostProcessor$AutowiredFieldElement.resolveFieldValue(AutowiredAnnotationBeanPostProcessor.java:784)
	at org.springframework.beans.factory.annotation.AutowiredAnnotationBeanPostProcessor$AutowiredFieldElement.inject(AutowiredAnnotationBeanPostProcessor.java:767)
	at org.springframework.beans.factory.annotation.InjectionMetadata.inject(InjectionMetadata.java:145)
	at org.springframework.beans.factory.annotation.AutowiredAnnotationBeanPostProcessor.postProcessProperties(AutowiredAnnotationBeanPostProcessor.java:508)
	at org.springframework.beans.factory.support.AbstractAutowireCapableBeanFactory.populateBean(AbstractAutowireCapableBeanFactory.java:1419)
	at org.springframework.beans.factory.support.AbstractAutowireCapableBeanFactory.doCreateBean(AbstractAutowireCapableBeanFactory.java:599)
	at org.springframework.beans.factory.support.AbstractAutowireCapableBeanFactory.createBean(AbstractAutowireCapableBeanFactory.java:522)
	at org.springframework.beans.factory.support.AbstractBeanFactory.lambda$doGetBean$0(AbstractBeanFactory.java:325)
	at org.springframework.beans.factory.support.DefaultSingletonBeanRegistry.getSingleton(DefaultSingletonBeanRegistry.java:234)
	at org.springframework.beans.factory.support.AbstractBeanFactory.doGetBean(AbstractBeanFactory.java:323)
	at org.springframework.beans.factory.support.AbstractBeanFactory.getBean(AbstractBeanFactory.java:199)
	at org.springframework.beans.factory.config.DependencyDescriptor.resolveCandidate(DependencyDescriptor.java:254)
	at org.springframework.beans.factory.support.DefaultListableBeanFactory.doResolveDependency(DefaultListableBeanFactory.java:1443)
	at org.springframework.beans.factory.support.DefaultListableBeanFactory.resolveDependency(DefaultListableBeanFactory.java:1353)
	at org.springframework.beans.factory.annotation.AutowiredAnnotationBeanPostProcessor$AutowiredFieldElement.resolveFieldValue(AutowiredAnnotationBeanPostProcessor.java:784)
	at org.springframework.beans.factory.annotation.AutowiredAnnotationBeanPostProcessor$AutowiredFieldElement.inject(AutowiredAnnotationBeanPostProcessor.java:767)
	at org.springframework.beans.factory.annotation.InjectionMetadata.inject(InjectionMetadata.java:145)
	at org.springframework.beans.factory.annotation.AutowiredAnnotationBeanPostProcessor.postProcessProperties(AutowiredAnnotationBeanPostProcessor.java:508)
	at org.springframework.beans.factory.support.AbstractAutowireCapableBeanFactory.populateBean(AbstractAutowireCapableBeanFactory.java:1419)
	at org.springframework.beans.factory.support.AbstractAutowireCapableBeanFactory.doCreateBean(AbstractAutowireCapableBeanFactory.java:599)
	at org.springframework.beans.factory.support.AbstractAutowireCapableBeanFactory.createBean(AbstractAutowireCapableBeanFactory.java:522)
	at org.springframework.beans.factory.support.AbstractBeanFactory.lambda$doGetBean$0(AbstractBeanFactory.java:325)
	at org.springframework.beans.factory.support.DefaultSingletonBeanRegistry.getSingleton(DefaultSingletonBeanRegistry.java:234)
	at org.springframework.beans.factory.support.AbstractBeanFactory.doGetBean(AbstractBeanFactory.java:323)
	at org.springframework.beans.factory.support.AbstractBeanFactory.getBean(AbstractBeanFactory.java:204)
	at org.springframework.boot.web.servlet.ServletContextInitializerBeans.getOrderedBeansOfType(ServletContextInitializerBeans.java:210)
	at org.springframework.boot.web.servlet.ServletContextInitializerBeans.addAsRegistrationBean(ServletContextInitializerBeans.java:173)
	at org.springframework.boot.web.servlet.ServletContextInitializerBeans.addAsRegistrationBean(ServletContextInitializerBeans.java:168)
	at org.springframework.boot.web.servlet.ServletContextInitializerBeans.addAdaptableBeans(ServletContextInitializerBeans.java:153)
	at org.springframework.boot.web.servlet.ServletContextInitializerBeans.<init>(ServletContextInitializerBeans.java:86)
	at org.springframework.boot.web.servlet.context.ServletWebServerApplicationContext.getServletContextInitializerBeans(ServletWebServerApplicationContext.java:266)
	at org.springframework.boot.web.servlet.context.ServletWebServerApplicationContext.selfInitialize(ServletWebServerApplicationContext.java:240)
	at org.springframework.boot.web.embedded.tomcat.TomcatStarter.onStartup(TomcatStarter.java:52)
	at org.apache.catalina.core.StandardContext.startInternal(StandardContext.java:4866)
	at org.apache.catalina.util.LifecycleBase.start(LifecycleBase.java:171)
	at org.apache.catalina.core.ContainerBase$StartChild.call(ContainerBase.java:1332)
	at org.apache.catalina.core.ContainerBase$StartChild.call(ContainerBase.java:1322)
	at java.base/java.util.concurrent.FutureTask.run(FutureTask.java:317)
	at org.apache.tomcat.util.threads.InlineExecutorService.execute(InlineExecutorService.java:75)
	at java.base/java.util.concurrent.AbstractExecutorService.submit(AbstractExecutorService.java:145)
	at org.apache.catalina.core.ContainerBase.startInternal(ContainerBase.java:866)
	at org.apache.catalina.core.StandardHost.startInternal(StandardHost.java:845)
	at org.apache.catalina.util.LifecycleBase.start(LifecycleBase.java:171)
	at org.apache.catalina.core.ContainerBase$StartChild.call(ContainerBase.java:1332)
	at org.apache.catalina.core.ContainerBase$StartChild.call(ContainerBase.java:1322)
	at java.base/java.util.concurrent.FutureTask.run(FutureTask.java:317)
	at org.apache.tomcat.util.threads.InlineExecutorService.execute(InlineExecutorService.java:75)
	at java.base/java.util.concurrent.AbstractExecutorService.submit(AbstractExecutorService.java:145)
	at org.apache.catalina.core.ContainerBase.startInternal(ContainerBase.java:866)
	at org.apache.catalina.core.StandardEngine.startInternal(StandardEngine.java:240)
	at org.apache.catalina.util.LifecycleBase.start(LifecycleBase.java:171)
	at org.apache.catalina.core.StandardService.startInternal(StandardService.java:433)
	at org.apache.catalina.util.LifecycleBase.start(LifecycleBase.java:171)
	at org.apache.catalina.core.StandardServer.startInternal(StandardServer.java:921)
	at org.apache.catalina.util.LifecycleBase.start(LifecycleBase.java:171)
	at org.apache.catalina.startup.Tomcat.start(Tomcat.java:437)
	at org.springframework.boot.web.embedded.tomcat.TomcatWebServer.initialize(TomcatWebServer.java:126)
	at org.springframework.boot.web.embedded.tomcat.TomcatWebServer.<init>(TomcatWebServer.java:105)
	at org.springframework.boot.web.embedded.tomcat.TomcatServletWebServerFactory.getTomcatWebServer(TomcatServletWebServerFactory.java:499)
	at org.springframework.boot.web.embedded.tomcat.TomcatServletWebServerFactory.getWebServer(TomcatServletWebServerFactory.java:218)
	at org.springframework.boot.web.servlet.context.ServletWebServerApplicationContext.createWebServer(ServletWebServerApplicationContext.java:188)
	at org.springframework.boot.web.servlet.context.ServletWebServerApplicationContext.onRefresh(ServletWebServerApplicationContext.java:162)
	at org.springframework.context.support.AbstractApplicationContext.refresh(AbstractApplicationContext.java:618)
	at org.springframework.boot.web.servlet.context.ServletWebServerApplicationContext.refresh(ServletWebServerApplicationContext.java:146)
	at org.springframework.boot.SpringApplication.refresh(SpringApplication.java:754)
	at org.springframework.boot.SpringApplication.refreshContext(SpringApplication.java:456)
	at org.springframework.boot.SpringApplication.run(SpringApplication.java:334)
	at org.springframework.boot.SpringApplication.run(SpringApplication.java:1354)
	at org.springframework.boot.SpringApplication.run(SpringApplication.java:1343)
	at mls.sho.dms.ShoproPosServerApplication.main(ShoproPosServerApplication.java:11)
Caused by: java.net.ConnectException: Connection refused
	at java.base/sun.nio.ch.Net.pollConnect(Native Method)
	at java.base/sun.nio.ch.Net.pollConnectNow(Net.java:690)
	at java.base/sun.nio.ch.NioSocketImpl.timedFinishConnect(NioSocketImpl.java:542)
	at java.base/sun.nio.ch.NioSocketImpl.connect(NioSocketImpl.java:592)
	at java.base/java.net.SocksSocketImpl.connect(SocksSocketImpl.java:327)
	at java.base/java.net.Socket.connect(Socket.java:751)
	at org.postgresql.core.PGStream.createSocket(PGStream.java:243)
	at org.postgresql.core.PGStream.<init>(PGStream.java:98)
	at org.postgresql.core.v3.ConnectionFactoryImpl.tryConnect(ConnectionFactoryImpl.java:132)
	at org.postgresql.core.v3.ConnectionFactoryImpl.openConnectionImpl(ConnectionFactoryImpl.java:258)
	... 121 common frames omitted

2026-03-29T13:03:10.404+05:30 ERROR 264872 --- [shopro-pos-server] [main] o.s.b.web.embedded.tomcat.TomcatStarter  : Error starting Tomcat context. Exception: org.springframework.beans.factory.UnsatisfiedDependencyException. Message: Error creating bean with name 'DPoPFilter': Unsatisfied dependency expressed through field 'dpopService': Error creating bean with name 'DPoPService': Unsatisfied dependency expressed through field 'deviceBindingRepository': Error creating bean with name 'deviceBindingRepository' defined in mls.sho.dms.repository.staff.DeviceBindingRepository defined in @EnableJpaRepositories declared on JpaRepositoriesRegistrar.EnableJpaRepositoriesConfiguration: Cannot resolve reference to bean 'jpaSharedEM_entityManagerFactory' while setting bean property 'entityManager'
2026-03-29T13:03:10.433+05:30  INFO 264872 --- [shopro-pos-server] [main] o.apache.catalina.core.StandardService   : Stopping service [Tomcat]
2026-03-29T13:03:10.438+05:30  WARN 264872 --- [shopro-pos-server] [main] ConfigServletWebServerApplicationContext : Exception encountered during context initialization - cancelling refresh attempt: org.springframework.context.ApplicationContextException: Unable to start web server
2026-03-29T13:03:10.455+05:30  INFO 264872 --- [shopro-pos-server] [main] .s.b.a.l.ConditionEvaluationReportLogger : 

Error starting ApplicationContext. To display the condition evaluation report re-run your application with 'debug' enabled.
2026-03-29T13:03:10.472+05:30 ERROR 264872 --- [shopro-pos-server] [main] o.s.boot.SpringApplication               : Application run failed

org.springframework.context.ApplicationContextException: Unable to start web server
	at org.springframework.boot.web.servlet.context.ServletWebServerApplicationContext.onRefresh(ServletWebServerApplicationContext.java:165)
	at org.springframework.context.support.AbstractApplicationContext.refresh(AbstractApplicationContext.java:618)
	at org.springframework.boot.web.servlet.context.ServletWebServerApplicationContext.refresh(ServletWebServerApplicationContext.java:146)
	at org.springframework.boot.SpringApplication.refresh(SpringApplication.java:754)
	at org.springframework.boot.SpringApplication.refreshContext(SpringApplication.java:456)
	at org.springframework.boot.SpringApplication.run(SpringApplication.java:334)
	at org.springframework.boot.SpringApplication.run(SpringApplication.java:1354)
	at org.springframework.boot.SpringApplication.run(SpringApplication.java:1343)
	at mls.sho.dms.ShoproPosServerApplication.main(ShoproPosServerApplication.java:11)
Caused by: org.springframework.boot.web.server.WebServerException: Unable to start embedded Tomcat
	at org.springframework.boot.web.embedded.tomcat.TomcatWebServer.initialize(TomcatWebServer.java:145)
	at org.springframework.boot.web.embedded.tomcat.TomcatWebServer.<init>(TomcatWebServer.java:105)
	at org.springframework.boot.web.embedded.tomcat.TomcatServletWebServerFactory.getTomcatWebServer(TomcatServletWebServerFactory.java:499)
	at org.springframework.boot.web.embedded.tomcat.TomcatServletWebServerFactory.getWebServer(TomcatServletWebServerFactory.java:218)
	at org.springframework.boot.web.servlet.context.ServletWebServerApplicationContext.createWebServer(ServletWebServerApplicationContext.java:188)
	at org.springframework.boot.web.servlet.context.ServletWebServerApplicationContext.onRefresh(ServletWebServerApplicationContext.java:162)
	... 8 common frames omitted
Caused by: org.springframework.beans.factory.UnsatisfiedDependencyException: Error creating bean with name 'DPoPFilter': Unsatisfied dependency expressed through field 'dpopService': Error creating bean with name 'DPoPService': Unsatisfied dependency expressed through field 'deviceBindingRepository': Error creating bean with name 'deviceBindingRepository' defined in mls.sho.dms.repository.staff.DeviceBindingRepository defined in @EnableJpaRepositories declared on JpaRepositoriesRegistrar.EnableJpaRepositoriesConfiguration: Cannot resolve reference to bean 'jpaSharedEM_entityManagerFactory' while setting bean property 'entityManager'
	at org.springframework.beans.factory.annotation.AutowiredAnnotationBeanPostProcessor$AutowiredFieldElement.resolveFieldValue(AutowiredAnnotationBeanPostProcessor.java:787)
	at org.springframework.beans.factory.annotation.AutowiredAnnotationBeanPostProcessor$AutowiredFieldElement.inject(AutowiredAnnotationBeanPostProcessor.java:767)
	at org.springframework.beans.factory.annotation.InjectionMetadata.inject(InjectionMetadata.java:145)
	at org.springframework.beans.factory.annotation.AutowiredAnnotationBeanPostProcessor.postProcessProperties(AutowiredAnnotationBeanPostProcessor.java:508)
	at org.springframework.beans.factory.support.AbstractAutowireCapableBeanFactory.populateBean(AbstractAutowireCapableBeanFactory.java:1419)
	at org.springframework.beans.factory.support.AbstractAutowireCapableBeanFactory.doCreateBean(AbstractAutowireCapableBeanFactory.java:599)
	at org.springframework.beans.factory.support.AbstractAutowireCapableBeanFactory.createBean(AbstractAutowireCapableBeanFactory.java:522)
	at org.springframework.beans.factory.support.AbstractBeanFactory.lambda$doGetBean$0(AbstractBeanFactory.java:325)
	at org.springframework.beans.factory.support.DefaultSingletonBeanRegistry.getSingleton(DefaultSingletonBeanRegistry.java:234)
	at org.springframework.beans.factory.support.AbstractBeanFactory.doGetBean(AbstractBeanFactory.java:323)
	at org.springframework.beans.factory.support.AbstractBeanFactory.getBean(AbstractBeanFactory.java:204)
	at org.springframework.boot.web.servlet.ServletContextInitializerBeans.getOrderedBeansOfType(ServletContextInitializerBeans.java:210)
	at org.springframework.boot.web.servlet.ServletContextInitializerBeans.addAsRegistrationBean(ServletContextInitializerBeans.java:173)
	at org.springframework.boot.web.servlet.ServletContextInitializerBeans.addAsRegistrationBean(ServletContextInitializerBeans.java:168)
	at org.springframework.boot.web.servlet.ServletContextInitializerBeans.addAdaptableBeans(ServletContextInitializerBeans.java:153)
	at org.springframework.boot.web.servlet.ServletContextInitializerBeans.<init>(ServletContextInitializerBeans.java:86)
	at org.springframework.boot.web.servlet.context.ServletWebServerApplicationContext.getServletContextInitializerBeans(ServletWebServerApplicationContext.java:266)
	at org.springframework.boot.web.servlet.context.ServletWebServerApplicationContext.selfInitialize(ServletWebServerApplicationContext.java:240)
	at org.springframework.boot.web.embedded.tomcat.TomcatStarter.onStartup(TomcatStarter.java:52)
	at org.apache.catalina.core.StandardContext.startInternal(StandardContext.java:4866)
	at org.apache.catalina.util.LifecycleBase.start(LifecycleBase.java:171)
	at org.apache.catalina.core.ContainerBase$StartChild.call(ContainerBase.java:1332)
	at org.apache.catalina.core.ContainerBase$StartChild.call(ContainerBase.java:1322)
	at java.base/java.util.concurrent.FutureTask.run(FutureTask.java:317)
	at org.apache.tomcat.util.threads.InlineExecutorService.execute(InlineExecutorService.java:75)
	at java.base/java.util.concurrent.AbstractExecutorService.submit(AbstractExecutorService.java:145)
	at org.apache.catalina.core.ContainerBase.startInternal(ContainerBase.java:866)
	at org.apache.catalina.core.StandardHost.startInternal(StandardHost.java:845)
	at org.apache.catalina.util.LifecycleBase.start(LifecycleBase.java:171)
	at org.apache.catalina.core.ContainerBase$StartChild.call(ContainerBase.java:1332)
	at org.apache.catalina.core.ContainerBase$StartChild.call(ContainerBase.java:1322)
	at java.base/java.util.concurrent.FutureTask.run(FutureTask.java:317)
	at org.apache.tomcat.util.threads.InlineExecutorService.execute(InlineExecutorService.java:75)
	at java.base/java.util.concurrent.AbstractExecutorService.submit(AbstractExecutorService.java:145)
	at org.apache.catalina.core.ContainerBase.startInternal(ContainerBase.java:866)
	at org.apache.catalina.core.StandardEngine.startInternal(StandardEngine.java:240)
	at org.apache.catalina.util.LifecycleBase.start(LifecycleBase.java:171)
	at org.apache.catalina.core.StandardService.startInternal(StandardService.java:433)
	at org.apache.catalina.util.LifecycleBase.start(LifecycleBase.java:171)
	at org.apache.catalina.core.StandardServer.startInternal(StandardServer.java:921)
	at org.apache.catalina.util.LifecycleBase.start(LifecycleBase.java:171)
	at org.apache.catalina.startup.Tomcat.start(Tomcat.java:437)
	at org.springframework.boot.web.embedded.tomcat.TomcatWebServer.initialize(TomcatWebServer.java:126)
	... 13 common frames omitted
Caused by: org.springframework.beans.factory.UnsatisfiedDependencyException: Error creating bean with name 'DPoPService': Unsatisfied dependency expressed through field 'deviceBindingRepository': Error creating bean with name 'deviceBindingRepository' defined in mls.sho.dms.repository.staff.DeviceBindingRepository defined in @EnableJpaRepositories declared on JpaRepositoriesRegistrar.EnableJpaRepositoriesConfiguration: Cannot resolve reference to bean 'jpaSharedEM_entityManagerFactory' while setting bean property 'entityManager'
	at org.springframework.beans.factory.annotation.AutowiredAnnotationBeanPostProcessor$AutowiredFieldElement.resolveFieldValue(AutowiredAnnotationBeanPostProcessor.java:787)
	at org.springframework.beans.factory.annotation.AutowiredAnnotationBeanPostProcessor$AutowiredFieldElement.inject(AutowiredAnnotationBeanPostProcessor.java:767)
	at org.springframework.beans.factory.annotation.InjectionMetadata.inject(InjectionMetadata.java:145)
	at org.springframework.beans.factory.annotation.AutowiredAnnotationBeanPostProcessor.postProcessProperties(AutowiredAnnotationBeanPostProcessor.java:508)
	at org.springframework.beans.factory.support.AbstractAutowireCapableBeanFactory.populateBean(AbstractAutowireCapableBeanFactory.java:1419)
	at org.springframework.beans.factory.support.AbstractAutowireCapableBeanFactory.doCreateBean(AbstractAutowireCapableBeanFactory.java:599)
	at org.springframework.beans.factory.support.AbstractAutowireCapableBeanFactory.createBean(AbstractAutowireCapableBeanFactory.java:522)
	at org.springframework.beans.factory.support.AbstractBeanFactory.lambda$doGetBean$0(AbstractBeanFactory.java:325)
	at org.springframework.beans.factory.support.DefaultSingletonBeanRegistry.getSingleton(DefaultSingletonBeanRegistry.java:234)
	at org.springframework.beans.factory.support.AbstractBeanFactory.doGetBean(AbstractBeanFactory.java:323)
	at org.springframework.beans.factory.support.AbstractBeanFactory.getBean(AbstractBeanFactory.java:199)
	at org.springframework.beans.factory.config.DependencyDescriptor.resolveCandidate(DependencyDescriptor.java:254)
	at org.springframework.beans.factory.support.DefaultListableBeanFactory.doResolveDependency(DefaultListableBeanFactory.java:1443)
	at org.springframework.beans.factory.support.DefaultListableBeanFactory.resolveDependency(DefaultListableBeanFactory.java:1353)
	at org.springframework.beans.factory.annotation.AutowiredAnnotationBeanPostProcessor$AutowiredFieldElement.resolveFieldValue(AutowiredAnnotationBeanPostProcessor.java:784)
	... 55 common frames omitted
Caused by: org.springframework.beans.factory.BeanCreationException: Error creating bean with name 'deviceBindingRepository' defined in mls.sho.dms.repository.staff.DeviceBindingRepository defined in @EnableJpaRepositories declared on JpaRepositoriesRegistrar.EnableJpaRepositoriesConfiguration: Cannot resolve reference to bean 'jpaSharedEM_entityManagerFactory' while setting bean property 'entityManager'
	at org.springframework.beans.factory.support.BeanDefinitionValueResolver.resolveReference(BeanDefinitionValueResolver.java:377)
	at org.springframework.beans.factory.support.BeanDefinitionValueResolver.resolveValueIfNecessary(BeanDefinitionValueResolver.java:135)
	at org.springframework.beans.factory.support.AbstractAutowireCapableBeanFactory.applyPropertyValues(AbstractAutowireCapableBeanFactory.java:1685)
	at org.springframework.beans.factory.support.AbstractAutowireCapableBeanFactory.populateBean(AbstractAutowireCapableBeanFactory.java:1434)
	at org.springframework.beans.factory.support.AbstractAutowireCapableBeanFactory.doCreateBean(AbstractAutowireCapableBeanFactory.java:599)
	at org.springframework.beans.factory.support.AbstractAutowireCapableBeanFactory.createBean(AbstractAutowireCapableBeanFactory.java:522)
	at org.springframework.beans.factory.support.AbstractBeanFactory.lambda$doGetBean$0(AbstractBeanFactory.java:325)
	at org.springframework.beans.factory.support.DefaultSingletonBeanRegistry.getSingleton(DefaultSingletonBeanRegistry.java:234)
	at org.springframework.beans.factory.support.AbstractBeanFactory.doGetBean(AbstractBeanFactory.java:323)
	at org.springframework.beans.factory.support.AbstractBeanFactory.getBean(AbstractBeanFactory.java:199)
	at org.springframework.beans.factory.config.DependencyDescriptor.resolveCandidate(DependencyDescriptor.java:254)
	at org.springframework.beans.factory.support.DefaultListableBeanFactory.doResolveDependency(DefaultListableBeanFactory.java:1443)
	at org.springframework.beans.factory.support.DefaultListableBeanFactory.resolveDependency(DefaultListableBeanFactory.java:1353)
	at org.springframework.beans.factory.annotation.AutowiredAnnotationBeanPostProcessor$AutowiredFieldElement.resolveFieldValue(AutowiredAnnotationBeanPostProcessor.java:784)
	... 69 common frames omitted
Caused by: org.springframework.beans.factory.BeanCreationException: Error creating bean with name 'jpaSharedEM_entityManagerFactory': Cannot resolve reference to bean 'entityManagerFactory' while setting constructor argument
	at org.springframework.beans.factory.support.BeanDefinitionValueResolver.resolveReference(BeanDefinitionValueResolver.java:377)
	at org.springframework.beans.factory.support.BeanDefinitionValueResolver.resolveValueIfNecessary(BeanDefinitionValueResolver.java:135)
	at org.springframework.beans.factory.support.ConstructorResolver.resolveConstructorArguments(ConstructorResolver.java:685)
	at org.springframework.beans.factory.support.ConstructorResolver.instantiateUsingFactoryMethod(ConstructorResolver.java:509)
	at org.springframework.beans.factory.support.AbstractAutowireCapableBeanFactory.instantiateUsingFactoryMethod(AbstractAutowireCapableBeanFactory.java:1335)
	at org.springframework.beans.factory.support.AbstractAutowireCapableBeanFactory.createBeanInstance(AbstractAutowireCapableBeanFactory.java:1165)
	at org.springframework.beans.factory.support.AbstractAutowireCapableBeanFactory.doCreateBean(AbstractAutowireCapableBeanFactory.java:562)
	at org.springframework.beans.factory.support.AbstractAutowireCapableBeanFactory.createBean(AbstractAutowireCapableBeanFactory.java:522)
	at org.springframework.beans.factory.support.AbstractBeanFactory.lambda$doGetBean$0(AbstractBeanFactory.java:325)
	at org.springframework.beans.factory.support.DefaultSingletonBeanRegistry.getSingleton(DefaultSingletonBeanRegistry.java:234)
	at org.springframework.beans.factory.support.AbstractBeanFactory.doGetBean(AbstractBeanFactory.java:323)
	at org.springframework.beans.factory.support.AbstractBeanFactory.getBean(AbstractBeanFactory.java:199)
	at org.springframework.beans.factory.support.BeanDefinitionValueResolver.resolveReference(BeanDefinitionValueResolver.java:365)
	... 82 common frames omitted
Caused by: org.springframework.beans.factory.BeanCreationException: Error creating bean with name 'flywayInitializer' defined in class path resource [org/springframework/boot/autoconfigure/flyway/FlywayAutoConfiguration$FlywayConfiguration.class]: Unable to obtain connection from database: Connection to localhost:5432 refused. Check that the hostname and port are correct and that the postmaster is accepting TCP/IP connections.
--------------------------------------------------------------------------------------------------------------------------------------------------------------------------------------
SQL State  : 08001
Error Code : 0
Message    : Connection to localhost:5432 refused. Check that the hostname and port are correct and that the postmaster is accepting TCP/IP connections.

	at org.springframework.beans.factory.support.AbstractAutowireCapableBeanFactory.initializeBean(AbstractAutowireCapableBeanFactory.java:1786)
	at org.springframework.beans.factory.support.AbstractAutowireCapableBeanFactory.doCreateBean(AbstractAutowireCapableBeanFactory.java:600)
	at org.springframework.beans.factory.support.AbstractAutowireCapableBeanFactory.createBean(AbstractAutowireCapableBeanFactory.java:522)
	at org.springframework.beans.factory.support.AbstractBeanFactory.lambda$doGetBean$0(AbstractBeanFactory.java:325)
	at org.springframework.beans.factory.support.DefaultSingletonBeanRegistry.getSingleton(DefaultSingletonBeanRegistry.java:234)
	at org.springframework.beans.factory.support.AbstractBeanFactory.doGetBean(AbstractBeanFactory.java:323)
	at org.springframework.beans.factory.support.AbstractBeanFactory.getBean(AbstractBeanFactory.java:199)
	at org.springframework.beans.factory.support.AbstractBeanFactory.doGetBean(AbstractBeanFactory.java:312)
	at org.springframework.beans.factory.support.AbstractBeanFactory.getBean(AbstractBeanFactory.java:199)
	at org.springframework.beans.factory.support.BeanDefinitionValueResolver.resolveReference(BeanDefinitionValueResolver.java:365)
	... 94 common frames omitted
Caused by: org.flywaydb.core.internal.exception.FlywaySqlException: Unable to obtain connection from database: Connection to localhost:5432 refused. Check that the hostname and port are correct and that the postmaster is accepting TCP/IP connections.
--------------------------------------------------------------------------------------------------------------------------------------------------------------------------------------
SQL State  : 08001
Error Code : 0
Message    : Connection to localhost:5432 refused. Check that the hostname and port are correct and that the postmaster is accepting TCP/IP connections.

	at org.flywaydb.core.internal.jdbc.JdbcUtils.openConnection(JdbcUtils.java:60)
	at org.flywaydb.core.internal.jdbc.JdbcConnectionFactory.<init>(JdbcConnectionFactory.java:74)
	at org.flywaydb.core.FlywayExecutor.execute(FlywayExecutor.java:142)
	at org.flywaydb.core.Flyway.migrate(Flyway.java:140)
	at org.springframework.boot.autoconfigure.flyway.FlywayMigrationInitializer.afterPropertiesSet(FlywayMigrationInitializer.java:66)
	at org.springframework.beans.factory.support.AbstractAutowireCapableBeanFactory.invokeInitMethods(AbstractAutowireCapableBeanFactory.java:1833)
	at org.springframework.beans.factory.support.AbstractAutowireCapableBeanFactory.initializeBean(AbstractAutowireCapableBeanFactory.java:1782)
	... 103 common frames omitted
Caused by: org.postgresql.util.PSQLException: Connection to localhost:5432 refused. Check that the hostname and port are correct and that the postmaster is accepting TCP/IP connections.
	at org.postgresql.core.v3.ConnectionFactoryImpl.openConnectionImpl(ConnectionFactoryImpl.java:342)
	at org.postgresql.core.ConnectionFactory.openConnection(ConnectionFactory.java:54)
	at org.postgresql.jdbc.PgConnection.<init>(PgConnection.java:263)
	at org.postgresql.Driver.makeConnection(Driver.java:443)
	at org.postgresql.Driver.connect(Driver.java:297)
	at com.zaxxer.hikari.util.DriverDataSource.getConnection(DriverDataSource.java:138)
	at com.zaxxer.hikari.pool.PoolBase.newConnection(PoolBase.java:359)
	at com.zaxxer.hikari.pool.PoolBase.newPoolEntry(PoolBase.java:201)
	at com.zaxxer.hikari.pool.HikariPool.createPoolEntry(HikariPool.java:470)
	at com.zaxxer.hikari.pool.HikariPool.checkFailFast(HikariPool.java:561)
	at com.zaxxer.hikari.pool.HikariPool.<init>(HikariPool.java:100)
	at com.zaxxer.hikari.HikariDataSource.getConnection(HikariDataSource.java:112)
	at org.flywaydb.core.internal.jdbc.JdbcUtils.openConnection(JdbcUtils.java:48)
	... 109 common frames omitted
Caused by: java.net.ConnectException: Connection refused
	at java.base/sun.nio.ch.Net.pollConnect(Native Method)
	at java.base/sun.nio.ch.Net.pollConnectNow(Net.java:690)
	at java.base/sun.nio.ch.NioSocketImpl.timedFinishConnect(NioSocketImpl.java:542)
	at java.base/sun.nio.ch.NioSocketImpl.connect(NioSocketImpl.java:592)
	at java.base/java.net.SocksSocketImpl.connect(SocksSocketImpl.java:327)
	at java.base/java.net.Socket.connect(Socket.java:751)
	at org.postgresql.core.PGStream.createSocket(PGStream.java:243)
	at org.postgresql.core.PGStream.<init>(PGStream.java:98)
	at org.postgresql.core.v3.ConnectionFactoryImpl.tryConnect(ConnectionFactoryImpl.java:132)
	at org.postgresql.core.v3.ConnectionFactoryImpl.openConnectionImpl(ConnectionFactoryImpl.java:258)
	... 121 common frames omitted

2026-03-29T13:08:26.208+05:30  INFO 266671 --- [shopro-pos-server] [main] mls.sho.dms.ShoproPosServerApplication   : Starting ShoproPosServerApplication using Java 21.0.9 with PID 266671 (/home/arun/IdeaProjects/shopro-pos/shopro-sabz-server/build/classes/java/main started by arun in /home/arun/IdeaProjects/shopro-pos/shopro-sabz-server)
2026-03-29T13:08:26.209+05:30 DEBUG 266671 --- [shopro-pos-server] [main] mls.sho.dms.ShoproPosServerApplication   : Running with Spring Boot v3.2.3, Spring v6.1.4
2026-03-29T13:08:26.210+05:30  INFO 266671 --- [shopro-pos-server] [main] mls.sho.dms.ShoproPosServerApplication   : No active profile set, falling back to 1 default profile: "default"
2026-03-29T13:08:27.810+05:30  INFO 266671 --- [shopro-pos-server] [main] .s.d.r.c.RepositoryConfigurationDelegate : Bootstrapping Spring Data JPA repositories in DEFAULT mode.
2026-03-29T13:08:28.174+05:30  INFO 266671 --- [shopro-pos-server] [main] .s.d.r.c.RepositoryConfigurationDelegate : Finished Spring Data repository scanning in 353 ms. Found 90 JPA repository interfaces.
2026-03-29T13:08:29.308+05:30  INFO 266671 --- [shopro-pos-server] [main] o.s.b.w.embedded.tomcat.TomcatWebServer  : Tomcat initialized with port 8080 (http)
2026-03-29T13:08:29.324+05:30  INFO 266671 --- [shopro-pos-server] [main] o.apache.catalina.core.StandardService   : Starting service [Tomcat]
2026-03-29T13:08:29.324+05:30  INFO 266671 --- [shopro-pos-server] [main] o.apache.catalina.core.StandardEngine    : Starting Servlet engine: [Apache Tomcat/10.1.19]
2026-03-29T13:08:29.424+05:30  INFO 266671 --- [shopro-pos-server] [main] o.a.c.c.C.[Tomcat].[localhost].[/]       : Initializing Spring embedded WebApplicationContext
2026-03-29T13:08:29.425+05:30  INFO 266671 --- [shopro-pos-server] [main] w.s.c.ServletWebServerApplicationContext : Root WebApplicationContext: initialization completed in 3184 ms
2026-03-29T13:08:29.973+05:30  INFO 266671 --- [shopro-pos-server] [main] com.zaxxer.hikari.HikariDataSource       : HikariPool-1 - Starting...
2026-03-29T13:08:30.132+05:30  INFO 266671 --- [shopro-pos-server] [main] com.zaxxer.hikari.pool.HikariPool        : HikariPool-1 - Added connection org.postgresql.jdbc.PgConnection@2de7fe0e
2026-03-29T13:08:30.133+05:30  INFO 266671 --- [shopro-pos-server] [main] com.zaxxer.hikari.HikariDataSource       : HikariPool-1 - Start completed.
2026-03-29T13:08:30.205+05:30  INFO 266671 --- [shopro-pos-server] [main] o.f.c.internal.license.VersionPrinter    : Flyway Community Edition 9.22.3 by Redgate
2026-03-29T13:08:30.205+05:30  INFO 266671 --- [shopro-pos-server] [main] o.f.c.internal.license.VersionPrinter    : See release notes here: https://rd.gt/416ObMi
2026-03-29T13:08:30.205+05:30  INFO 266671 --- [shopro-pos-server] [main] o.f.c.internal.license.VersionPrinter    : 
2026-03-29T13:08:30.219+05:30  INFO 266671 --- [shopro-pos-server] [main] org.flywaydb.core.FlywayExecutor         : Database: jdbc:postgresql://localhost:5432/shopro_pos (PostgreSQL 18.3)
2026-03-29T13:08:30.225+05:30  WARN 266671 --- [shopro-pos-server] [main] o.f.c.internal.database.base.Database    : Flyway upgrade recommended: PostgreSQL 18.3 is newer than this version of Flyway and support has not been tested. The latest supported version of PostgreSQL is 15.
2026-03-29T13:08:30.247+05:30  INFO 266671 --- [shopro-pos-server] [main] o.f.c.i.s.JdbcTableSchemaHistory         : Creating Schema History table "public"."flyway_schema_history" ...
2026-03-29T13:08:30.325+05:30  INFO 266671 --- [shopro-pos-server] [main] o.f.core.internal.command.DbMigrate      : Current version of schema "public": << Empty Schema >>
2026-03-29T13:08:30.378+05:30  INFO 266671 --- [shopro-pos-server] [main] o.f.core.internal.command.DbMigrate      : Migrating schema "public" to version "1 - init schema"
2026-03-29T13:08:30.495+05:30  INFO 266671 --- [shopro-pos-server] [main] o.f.core.internal.command.DbMigrate      : Migrating schema "public" to version "2 - add default course"
2026-03-29T13:08:30.510+05:30  INFO 266671 --- [shopro-pos-server] [main] o.f.core.internal.command.DbMigrate      : Migrating schema "public" to version "3 - cleanup"
2026-03-29T13:08:30.511+05:30  INFO 266671 --- [shopro-pos-server] [main] o.f.c.i.s.DefaultSqlScriptExecutor       : +----------+
| ?column? |
+----------+
| 1        |
+----------+

2026-03-29T13:08:30.522+05:30  INFO 266671 --- [shopro-pos-server] [main] o.f.core.internal.command.DbMigrate      : Migrating schema "public" to version "4 - add payment table"
2026-03-29T13:08:30.543+05:30  INFO 266671 --- [shopro-pos-server] [main] o.f.core.internal.command.DbMigrate      : Migrating schema "public" to version "5 - add inventory management entities"
2026-03-29T13:08:30.586+05:30  INFO 266671 --- [shopro-pos-server] [main] o.f.core.internal.command.DbMigrate      : Migrating schema "public" to version "6 - add notification log"
2026-03-29T13:08:30.604+05:30  INFO 266671 --- [shopro-pos-server] [main] o.f.core.internal.command.DbMigrate      : Migrating schema "public" to version "7 - add sub recipe support to recipes"
2026-03-29T13:08:30.619+05:30  INFO 266671 --- [shopro-pos-server] [main] o.f.core.internal.command.DbMigrate      : Migrating schema "public" to version "8 - add sub recipe support to recipe header"
2026-03-29T13:08:30.633+05:30  INFO 266671 --- [shopro-pos-server] [main] o.f.core.internal.command.DbMigrate      : Migrating schema "public" to version "9 - add supplier catalog pricing"
2026-03-29T13:08:30.653+05:30  INFO 266671 --- [shopro-pos-server] [main] o.f.core.internal.command.DbMigrate      : Migrating schema "public" to version "11 - seed inventory suppliers"
2026-03-29T13:08:30.669+05:30  INFO 266671 --- [shopro-pos-server] [main] o.f.core.internal.command.DbMigrate      : Migrating schema "public" to version "12 - seed inventory ingredients"
2026-03-29T13:08:30.692+05:30  INFO 266671 --- [shopro-pos-server] [main] o.f.core.internal.command.DbMigrate      : Migrating schema "public" to version "13 - seed recipes"
2026-03-29T13:08:30.715+05:30  INFO 266671 --- [shopro-pos-server] [main] o.f.core.internal.command.DbMigrate      : Migrating schema "public" to version "14 - seed recipe ingredients"
2026-03-29T13:08:30.746+05:30  INFO 266671 --- [shopro-pos-server] [main] o.f.core.internal.command.DbMigrate      : Migrating schema "public" to version "15 - restaurant floor layout"
2026-03-29T13:08:30.758+05:30  INFO 266671 --- [shopro-pos-server] [main] o.f.c.i.s.DefaultSqlScriptExecutor       : DB: truncate cascades to table "payment"
2026-03-29T13:08:30.784+05:30  INFO 266671 --- [shopro-pos-server] [main] o.f.core.internal.command.DbMigrate      : Migrating schema "public" to version "16 - specific floor layout"
2026-03-29T13:08:30.796+05:30  INFO 266671 --- [shopro-pos-server] [main] o.f.c.i.s.DefaultSqlScriptExecutor       : DB: truncate cascades to table "payment"
2026-03-29T13:08:30.820+05:30  INFO 266671 --- [shopro-pos-server] [main] o.f.core.internal.command.DbMigrate      : Migrating schema "public" to version "17 - seed advanced recipes"
2026-03-29T13:08:30.837+05:30  INFO 266671 --- [shopro-pos-server] [main] o.f.core.internal.command.DbMigrate      : Migrating schema "public" to version "18 - seed purchase orders"
2026-03-29T13:08:30.864+05:30  INFO 266671 --- [shopro-pos-server] [main] o.f.core.internal.command.DbMigrate      : Migrating schema "public" to version "19 - optimize inventory schema"
2026-03-29T13:08:30.865+05:30  WARN 266671 --- [shopro-pos-server] [main] o.f.c.i.s.DefaultSqlScriptExecutor       : DB: there is already a transaction in progress (SQL State: 25001 - Error Code: 0)
2026-03-29T13:08:30.883+05:30  INFO 266671 --- [shopro-pos-server] [main] o.f.c.i.s.DefaultSqlScriptExecutor       : DB: constraint "fk_po_supplier" of relation "purchase_order_old" does not exist, skipping
2026-03-29T13:08:30.884+05:30  INFO 266671 --- [shopro-pos-server] [main] o.f.c.i.s.DefaultSqlScriptExecutor       : DB: constraint "fk_po_generated_by" of relation "purchase_order_old" does not exist, skipping
2026-03-29T13:08:30.927+05:30  INFO 266671 --- [shopro-pos-server] [main] o.f.core.internal.command.DbMigrate      : Migrating schema "public" to version "20 - dynamic roles and fapi"
2026-03-29T13:08:30.965+05:30  INFO 266671 --- [shopro-pos-server] [main] o.f.core.internal.command.DbMigrate      : Migrating schema "public" to version "21 - comprehensive roles and permissions"
2026-03-29T13:08:30.987+05:30  INFO 266671 --- [shopro-pos-server] [main] o.f.core.internal.command.DbMigrate      : Migrating schema "public" to version "22 - add notification entities"
2026-03-29T13:08:31.006+05:30  INFO 266671 --- [shopro-pos-server] [main] o.f.core.internal.command.DbMigrate      : Migrating schema "public" to version "23 - seed notification data"
2026-03-29T13:08:31.027+05:30  INFO 266671 --- [shopro-pos-server] [main] o.f.core.internal.command.DbMigrate      : Migrating schema "public" to version "24 - multi channel notification system"
2026-03-29T13:08:31.028+05:30  INFO 266671 --- [shopro-pos-server] [main] o.f.c.i.s.DefaultSqlScriptExecutor       : DB: table "notification_logs" does not exist, skipping
2026-03-29T13:08:31.028+05:30  INFO 266671 --- [shopro-pos-server] [main] o.f.c.i.s.DefaultSqlScriptExecutor       : DB: table "notification_recipient_mappings" does not exist, skipping
2026-03-29T13:08:31.029+05:30  INFO 266671 --- [shopro-pos-server] [main] o.f.c.i.s.DefaultSqlScriptExecutor       : DB: table "in_app_notifications" does not exist, skipping
2026-03-29T13:08:31.030+05:30  INFO 266671 --- [shopro-pos-server] [main] o.f.c.i.s.DefaultSqlScriptExecutor       : DB: table "notification_types" does not exist, skipping
2026-03-29T13:08:31.070+05:30  INFO 266671 --- [shopro-pos-server] [main] o.f.core.internal.command.DbMigrate      : Migrating schema "public" to version "25 - drop legacy staff role constraint"
2026-03-29T13:08:31.083+05:30  INFO 266671 --- [shopro-pos-server] [main] o.f.core.internal.command.DbMigrate      : Migrating schema "public" to version "26 - add supplier user auth"
2026-03-29T13:08:31.098+05:30  INFO 266671 --- [shopro-pos-server] [main] o.f.core.internal.command.DbMigrate      : Migrating schema "public" to version "27 - seed supplier users"
2026-03-29T13:08:31.109+05:30  INFO 266671 --- [shopro-pos-server] [main] o.f.core.internal.command.DbMigrate      : Migrating schema "public" to version "28 - add phone to supplier user"
2026-03-29T13:08:31.123+05:30  INFO 266671 --- [shopro-pos-server] [main] o.f.core.internal.command.DbMigrate      : Migrating schema "public" to version "29 - add version to notification schema"
2026-03-29T13:08:31.139+05:30  INFO 266671 --- [shopro-pos-server] [main] o.f.core.internal.command.DbMigrate      : Migrating schema "public" to version "31 - add missing columns to notification types"
2026-03-29T13:08:31.151+05:30  INFO 266671 --- [shopro-pos-server] [main] o.f.core.internal.command.DbMigrate      : Migrating schema "public" to version "32 - add missing waitlist columns"
2026-03-29T13:08:31.168+05:30  INFO 266671 --- [shopro-pos-server] [main] o.f.core.internal.command.DbMigrate      : Migrating schema "public" to version "33 - configure floor roles and notifications"
2026-03-29T13:08:31.183+05:30  INFO 266671 --- [shopro-pos-server] [main] o.f.core.internal.command.DbMigrate      : Migrating schema "public" to version "34 - add occupied notification"
2026-03-29T13:08:31.199+05:30  INFO 266671 --- [shopro-pos-server] [main] o.f.core.internal.command.DbMigrate      : Migrating schema "public" to version "35 - fix channels schema"
2026-03-29T13:08:31.219+05:30  INFO 266671 --- [shopro-pos-server] [main] o.f.core.internal.command.DbMigrate      : Migrating schema "public" to version "36 - add description to recipient groups"
2026-03-29T13:08:31.232+05:30  INFO 266671 --- [shopro-pos-server] [main] o.f.core.internal.command.DbMigrate      : Migrating schema "public" to version "37 - crm phase1 schema"
2026-03-29T13:08:31.267+05:30  INFO 266671 --- [shopro-pos-server] [main] o.f.core.internal.command.DbMigrate      : Migrating schema "public" to version "38 - crm phase2 campaigns feedback"
2026-03-29T13:08:31.300+05:30  INFO 266671 --- [shopro-pos-server] [main] o.f.core.internal.command.DbMigrate      : Migrating schema "public" to version "38.1 - add is churned to customer profile"
2026-03-29T13:08:31.325+05:30  INFO 266671 --- [shopro-pos-server] [main] o.f.core.internal.command.DbMigrate      : Migrating schema "public" to version "39 - seed crm data"
2026-03-29T13:08:31.363+05:30  INFO 266671 --- [shopro-pos-server] [main] o.f.core.internal.command.DbMigrate      : Migrating schema "public" to version "40 - add management notification routing"
2026-03-29T13:08:31.382+05:30  INFO 266671 --- [shopro-pos-server] [main] o.f.core.internal.command.DbMigrate      : Migrating schema "public" to version "41 - seed supplier catalogs"
2026-03-29T13:08:31.402+05:30  INFO 266671 --- [shopro-pos-server] [main] o.f.core.internal.command.DbMigrate      : Migrating schema "public" to version "42 - add po fulfillment fields"
2026-03-29T13:08:31.430+05:30  INFO 266671 --- [shopro-pos-server] [main] o.f.core.internal.command.DbMigrate      : Migrating schema "public" to version "43 - add vendor price proposal table"
2026-03-29T13:08:31.475+05:30  INFO 266671 --- [shopro-pos-server] [main] o.f.core.internal.command.DbMigrate      : Migrating schema "public" to version "44 - add submitted by to price proposal"
2026-03-29T13:08:31.501+05:30  INFO 266671 --- [shopro-pos-server] [main] o.f.core.internal.command.DbMigrate      : Migrating schema "public" to version "45 - add generated po id to price proposal"
2026-03-29T13:08:31.535+05:30  INFO 266671 --- [shopro-pos-server] [main] o.f.core.internal.command.DbMigrate      : Migrating schema "public" to version "46 - po lifecycle enhancements"
2026-03-29T13:08:31.569+05:30  INFO 266671 --- [shopro-pos-server] [main] o.f.core.internal.command.DbMigrate      : Migrating schema "public" to version "47 - add version to po status history"
2026-03-29T13:08:31.579+05:30  INFO 266671 --- [shopro-pos-server] [main] o.f.core.internal.command.DbMigrate      : Migrating schema "public" to version "48 - fix loyalty config schema"
2026-03-29T13:08:31.596+05:30  INFO 266671 --- [shopro-pos-server] [main] o.f.core.internal.command.DbMigrate      : Migrating schema "public" to version "49 - seed kds routing rules"
2026-03-29T13:08:31.608+05:30  INFO 266671 --- [shopro-pos-server] [main] o.f.core.internal.command.DbMigrate      : Migrating schema "public" to version "50 - seed notification routing matrix"
2026-03-29T13:08:31.621+05:30  INFO 266671 --- [shopro-pos-server] [main] o.f.core.internal.command.DbMigrate      : Migrating schema "public" to version "51 - add cooking at to kds ticket"
2026-03-29T13:08:31.637+05:30  INFO 266671 --- [shopro-pos-server] [main] o.f.core.internal.command.DbMigrate      : Migrating schema "public" to version "52 - add kitchen manager user"
2026-03-29T13:08:31.647+05:30  INFO 266671 --- [shopro-pos-server] [main] o.f.core.internal.command.DbMigrate      : Migrating schema "public" to version "53 - add station manager role and user"
2026-03-29T13:08:31.664+05:30  INFO 266671 --- [shopro-pos-server] [main] o.f.core.internal.command.DbMigrate      : Migrating schema "public" to version "54 - add priority to kds item"
2026-03-29T13:08:31.687+05:30  INFO 266671 --- [shopro-pos-server] [main] o.f.core.internal.command.DbMigrate      : Migrating schema "public" to version "55 - add preparation time to menu item"
2026-03-29T13:08:31.702+05:30  INFO 266671 --- [shopro-pos-server] [main] o.f.core.internal.command.DbMigrate      : Migrating schema "public" to version "56 - seed preparation times"
2026-03-29T13:08:31.722+05:30  INFO 266671 --- [shopro-pos-server] [main] o.f.core.internal.command.DbMigrate      : Migrating schema "public" to version "57 - create tax tables"
2026-03-29T13:08:31.784+05:30  INFO 266671 --- [shopro-pos-server] [main] o.f.core.internal.command.DbMigrate      : Migrating schema "public" to version "58 - seed tax rules"
2026-03-29T13:08:31.800+05:30  INFO 266671 --- [shopro-pos-server] [main] o.f.c.i.s.DefaultSqlScriptExecutor       : DB: Seed OK: 14 countries, 47 tax rules
2026-03-29T13:08:31.812+05:30  INFO 266671 --- [shopro-pos-server] [main] o.f.core.internal.command.DbMigrate      : Migrating schema "public" to version "59 - seed african tax rules v2"
2026-03-29T13:08:31.826+05:30  INFO 266671 --- [shopro-pos-server] [main] o.f.core.internal.command.DbMigrate      : Migrating schema "public" to version "60 - fix tax audit log ip type"
2026-03-29T13:08:31.840+05:30  INFO 266671 --- [shopro-pos-server] [main] o.f.core.internal.command.DbMigrate      : Migrating schema "public" to version "64 - rims v1 2 schema updates"
2026-03-29T13:08:31.851+05:30  WARN 266671 --- [shopro-pos-server] [main] o.f.c.i.s.DefaultSqlScriptExecutor       : DB: relation "idx_batch_expiry" already exists, skipping (SQL State: 42P07 - Error Code: 0)
2026-03-29T13:08:31.868+05:30  INFO 266671 --- [shopro-pos-server] [main] o.f.core.internal.command.DbMigrate      : Migrating schema "public" to version "65 - seed rims v1 2 data"
2026-03-29T13:08:31.886+05:30  INFO 266671 --- [shopro-pos-server] [main] o.f.core.internal.command.DbMigrate      : Migrating schema "public" to version "66 - seed daily perishables"
2026-03-29T13:08:31.898+05:30  INFO 266671 --- [shopro-pos-server] [main] o.f.core.internal.command.DbMigrate      : Migrating schema "public" to version "67 - add bid ack fields"
2026-03-29T13:08:31.917+05:30  INFO 266671 --- [shopro-pos-server] [main] o.f.core.internal.command.DbMigrate      : Migrating schema "public" to version "68 - po per rfq refactoring"
2026-03-29T13:08:31.935+05:30  INFO 266671 --- [shopro-pos-server] [main] o.f.core.internal.command.DbMigrate      : Migrating schema "public" to version "69 - fix rims v1 2 missing columns"
2026-03-29T13:08:31.947+05:30  INFO 266671 --- [shopro-pos-server] [main] o.f.core.internal.command.DbMigrate      : Migrating schema "public" to version "70 - add auto restock config fields"
2026-03-29T13:08:31.963+05:30  INFO 266671 --- [shopro-pos-server] [main] o.f.core.internal.command.DbMigrate      : Migrating schema "public" to version "71 - marketplace core schema"
2026-03-29T13:08:32.014+05:30  INFO 266671 --- [shopro-pos-server] [main] o.f.core.internal.command.DbMigrate      : Migrating schema "public" to version "72 - add rfq status history"
2026-03-29T13:08:32.027+05:30  INFO 266671 --- [shopro-pos-server] [main] o.f.core.internal.command.DbMigrate      : Migrating schema "public" to version "73 - seed rfq test data"
2026-03-29T13:08:32.036+05:30  INFO 266671 --- [shopro-pos-server] [main] o.f.core.internal.command.DbMigrate      : Migrating schema "public" to version "74 - fix rfq test seeds"
2026-03-29T13:08:32.054+05:30  INFO 266671 --- [shopro-pos-server] [main] o.f.core.internal.command.DbMigrate      : Migrating schema "public" to version "75 - create marketplace supply chain tables"
2026-03-29T13:08:32.231+05:30  INFO 266671 --- [shopro-pos-server] [main] o.f.c.i.s.DefaultSqlScriptExecutor       : DB: truncate cascades to table "order_item_modifier"
2026-03-29T13:08:32.231+05:30  INFO 266671 --- [shopro-pos-server] [main] o.f.c.i.s.DefaultSqlScriptExecutor       : DB: truncate cascades to table "purchase_order_line"
2026-03-29T13:08:32.231+05:30  INFO 266671 --- [shopro-pos-server] [main] o.f.c.i.s.DefaultSqlScriptExecutor       : DB: truncate cascades to table "goods_receipt_note"
2026-03-29T13:08:32.231+05:30  INFO 266671 --- [shopro-pos-server] [main] o.f.c.i.s.DefaultSqlScriptExecutor       : DB: truncate cascades to table "vendor_invoice"
2026-03-29T13:08:32.232+05:30  INFO 266671 --- [shopro-pos-server] [main] o.f.c.i.s.DefaultSqlScriptExecutor       : DB: truncate cascades to table "vendor_price_proposal"
2026-03-29T13:08:32.232+05:30  INFO 266671 --- [shopro-pos-server] [main] o.f.c.i.s.DefaultSqlScriptExecutor       : DB: truncate cascades to table "po_status_history"
2026-03-29T13:08:32.232+05:30  INFO 266671 --- [shopro-pos-server] [main] o.f.c.i.s.DefaultSqlScriptExecutor       : DB: truncate cascades to table "quote_item"
2026-03-29T13:08:32.232+05:30  INFO 266671 --- [shopro-pos-server] [main] o.f.c.i.s.DefaultSqlScriptExecutor       : DB: truncate cascades to table "financial_transaction"
2026-03-29T13:08:32.233+05:30  INFO 266671 --- [shopro-pos-server] [main] o.f.c.i.s.DefaultSqlScriptExecutor       : DB: truncate cascades to table "invoice"
2026-03-29T13:08:32.233+05:30  INFO 266671 --- [shopro-pos-server] [main] o.f.c.i.s.DefaultSqlScriptExecutor       : DB: truncate cascades to table "support_ticket"
2026-03-29T13:08:32.234+05:30  INFO 266671 --- [shopro-pos-server] [main] o.f.c.i.s.DefaultSqlScriptExecutor       : DB: truncate cascades to table "platform_holding"
2026-03-29T13:08:32.234+05:30  INFO 266671 --- [shopro-pos-server] [main] o.f.c.i.s.DefaultSqlScriptExecutor       : DB: truncate cascades to table "goods_receipt_note_line"
2026-03-29T13:08:32.234+05:30  INFO 266671 --- [shopro-pos-server] [main] o.f.c.i.s.DefaultSqlScriptExecutor       : DB: truncate cascades to table "vendor_invoice_line"
2026-03-29T13:08:32.234+05:30  INFO 266671 --- [shopro-pos-server] [main] o.f.c.i.s.DefaultSqlScriptExecutor       : DB: truncate cascades to table "ticket_message"
2026-03-29T13:08:32.269+05:30  INFO 266671 --- [shopro-pos-server] [main] o.f.core.internal.command.DbMigrate      : Migrating schema "public" to version "76 - add rotation and extra props to table shape"
2026-03-29T13:08:32.294+05:30  INFO 266671 --- [shopro-pos-server] [main] o.f.core.internal.command.DbMigrate      : Migrating schema "public" to version "78 - create edp schema"
2026-03-29T13:08:32.317+05:30  INFO 266671 --- [shopro-pos-server] [main] o.f.core.internal.command.DbMigrate      : Migrating schema "public" to version "79 - add unit index to kds"
2026-03-29T13:08:32.331+05:30  INFO 266671 --- [shopro-pos-server] [main] o.f.core.internal.command.DbMigrate      : Migrating schema "public" to version "80 - add fired at to kds item"
2026-03-29T13:08:32.343+05:30  INFO 266671 --- [shopro-pos-server] [main] o.f.core.internal.command.DbMigrate      : Migrating schema "public" to version "81 - Finance Base Schema"
2026-03-29T13:08:32.363+05:30  INFO 266671 --- [shopro-pos-server] [main] o.f.core.internal.command.DbMigrate      : Migrating schema "public" to version "82 - Finance Seed COA"
2026-03-29T13:08:32.379+05:30  INFO 266671 --- [shopro-pos-server] [main] o.f.core.internal.command.DbMigrate      : Migrating schema "public" to version "83 - Finance EDP Checkpoint"
2026-03-29T13:08:32.391+05:30  INFO 266671 --- [shopro-pos-server] [main] o.f.core.internal.command.DbMigrate      : Migrating schema "public" to version "84 - Order OTP Subsystem"
2026-03-29T13:08:32.410+05:30  INFO 266671 --- [shopro-pos-server] [main] o.f.core.internal.command.DbMigrate      : Migrating schema "public" to version "85 - External User and KYC"
2026-03-29T13:08:32.435+05:30  INFO 266671 --- [shopro-pos-server] [main] o.f.core.internal.command.DbMigrate      : Successfully applied 80 migrations to schema "public", now at version v85 (execution time 00:00.939s)
2026-03-29T13:08:32.595+05:30  INFO 266671 --- [shopro-pos-server] [main] o.hibernate.jpa.internal.util.LogHelper  : HHH000204: Processing PersistenceUnitInfo [name: default]
2026-03-29T13:08:32.657+05:30  INFO 266671 --- [shopro-pos-server] [main] org.hibernate.Version                    : HHH000412: Hibernate ORM core version 6.4.4.Final
2026-03-29T13:08:32.693+05:30  INFO 266671 --- [shopro-pos-server] [main] o.h.c.internal.RegionFactoryInitiator    : HHH000026: Second-level cache disabled
2026-03-29T13:08:32.938+05:30  INFO 266671 --- [shopro-pos-server] [main] o.s.o.j.p.SpringPersistenceUnitInfo      : No LoadTimeWeaver setup: ignoring JPA class transformer
2026-03-29T13:08:32.988+05:30  WARN 266671 --- [shopro-pos-server] [main] org.hibernate.orm.deprecation            : HHH90000025: PostgreSQLDialect does not need to be specified explicitly using 'hibernate.dialect' (remove the property setting and it will be selected by default)
2026-03-29T13:08:35.203+05:30  INFO 266671 --- [shopro-pos-server] [main] o.h.e.t.j.p.i.JtaPlatformInitiator       : HHH000489: No JTA platform available (set 'hibernate.transaction.jta.platform' to enable JTA platform integration)
2026-03-29T13:08:35.207+05:30  INFO 266671 --- [shopro-pos-server] [main] j.LocalContainerEntityManagerFactoryBean : Initialized JPA EntityManagerFactory for persistence unit 'default'
2026-03-29T13:08:35.684+05:30 ERROR 266671 --- [shopro-pos-server] [main] o.s.b.web.embedded.tomcat.TomcatStarter  : Error starting Tomcat context. Exception: org.springframework.beans.factory.UnsatisfiedDependencyException. Message: Error creating bean with name 'fapiGatewayFilter' defined in file [/home/arun/IdeaProjects/shopro-pos/shopro-sabz-server/build/classes/java/main/mls/sho/dms/fapi/FapiGatewayFilter.class]: Unsatisfied dependency expressed through constructor parameter 0: No qualifying bean of type 'mls.sho.dms.fapi.FapiGatewayProperties' available: expected at least 1 bean which qualifies as autowire candidate. Dependency annotations: {}
2026-03-29T13:08:35.720+05:30  INFO 266671 --- [shopro-pos-server] [main] o.apache.catalina.core.StandardService   : Stopping service [Tomcat]
2026-03-29T13:08:35.723+05:30  WARN 266671 --- [shopro-pos-server] [main] o.a.c.loader.WebappClassLoaderBase       : The web application [ROOT] appears to have started a thread named [HikariPool-1 housekeeper] but has failed to stop it. This is very likely to create a memory leak. Stack trace of thread:
 java.base/jdk.internal.misc.Unsafe.park(Native Method)
 java.base/java.util.concurrent.locks.LockSupport.parkNanos(LockSupport.java:269)
 java.base/java.util.concurrent.locks.AbstractQueuedSynchronizer$ConditionObject.awaitNanos(AbstractQueuedSynchronizer.java:1763)
 java.base/java.util.concurrent.ScheduledThreadPoolExecutor$DelayedWorkQueue.take(ScheduledThreadPoolExecutor.java:1182)
 java.base/java.util.concurrent.ScheduledThreadPoolExecutor$DelayedWorkQueue.take(ScheduledThreadPoolExecutor.java:899)
 java.base/java.util.concurrent.ThreadPoolExecutor.getTask(ThreadPoolExecutor.java:1070)
 java.base/java.util.concurrent.ThreadPoolExecutor.runWorker(ThreadPoolExecutor.java:1130)
 java.base/java.util.concurrent.ThreadPoolExecutor$Worker.run(ThreadPoolExecutor.java:642)
 java.base/java.lang.Thread.run(Thread.java:1583)
2026-03-29T13:08:35.728+05:30  WARN 266671 --- [shopro-pos-server] [main] ConfigServletWebServerApplicationContext : Exception encountered during context initialization - cancelling refresh attempt: org.springframework.context.ApplicationContextException: Unable to start web server
2026-03-29T13:08:35.728+05:30  INFO 266671 --- [shopro-pos-server] [main] j.LocalContainerEntityManagerFactoryBean : Closing JPA EntityManagerFactory for persistence unit 'default'
2026-03-29T13:08:35.730+05:30  INFO 266671 --- [shopro-pos-server] [main] com.zaxxer.hikari.HikariDataSource       : HikariPool-1 - Shutdown initiated...
2026-03-29T13:08:35.734+05:30  INFO 266671 --- [shopro-pos-server] [main] com.zaxxer.hikari.HikariDataSource       : HikariPool-1 - Shutdown completed.
2026-03-29T13:08:35.752+05:30  INFO 266671 --- [shopro-pos-server] [main] .s.b.a.l.ConditionEvaluationReportLogger : 

Error starting ApplicationContext. To display the condition evaluation report re-run your application with 'debug' enabled.
2026-03-29T13:08:35.787+05:30 ERROR 266671 --- [shopro-pos-server] [main] o.s.b.d.LoggingFailureAnalysisReporter   : 

***************************
APPLICATION FAILED TO START
***************************

Description:

Parameter 0 of constructor in mls.sho.dms.fapi.FapiGatewayFilter required a bean of type 'mls.sho.dms.fapi.FapiGatewayProperties' that could not be found.


Action:

Consider defining a bean of type 'mls.sho.dms.fapi.FapiGatewayProperties' in your configuration.

2026-03-29T13:11:03.702+05:30  INFO 267492 --- [shopro-pos-server] [main] mls.sho.dms.ShoproPosServerApplication   : Starting ShoproPosServerApplication using Java 21.0.9 with PID 267492 (/home/arun/IdeaProjects/shopro-pos/shopro-sabz-server/build/classes/java/main started by arun in /home/arun/IdeaProjects/shopro-pos/shopro-sabz-server)
2026-03-29T13:11:03.704+05:30 DEBUG 267492 --- [shopro-pos-server] [main] mls.sho.dms.ShoproPosServerApplication   : Running with Spring Boot v3.2.3, Spring v6.1.4
2026-03-29T13:11:03.705+05:30  INFO 267492 --- [shopro-pos-server] [main] mls.sho.dms.ShoproPosServerApplication   : No active profile set, falling back to 1 default profile: "default"
2026-03-29T13:11:05.246+05:30  INFO 267492 --- [shopro-pos-server] [main] .s.d.r.c.RepositoryConfigurationDelegate : Bootstrapping Spring Data JPA repositories in DEFAULT mode.
2026-03-29T13:11:05.528+05:30  INFO 267492 --- [shopro-pos-server] [main] .s.d.r.c.RepositoryConfigurationDelegate : Finished Spring Data repository scanning in 271 ms. Found 90 JPA repository interfaces.
2026-03-29T13:11:06.598+05:30  INFO 267492 --- [shopro-pos-server] [main] o.s.b.w.embedded.tomcat.TomcatWebServer  : Tomcat initialized with port 8080 (http)
2026-03-29T13:11:06.612+05:30  INFO 267492 --- [shopro-pos-server] [main] o.apache.catalina.core.StandardService   : Starting service [Tomcat]
2026-03-29T13:11:06.613+05:30  INFO 267492 --- [shopro-pos-server] [main] o.apache.catalina.core.StandardEngine    : Starting Servlet engine: [Apache Tomcat/10.1.19]
2026-03-29T13:11:06.675+05:30  INFO 267492 --- [shopro-pos-server] [main] o.a.c.c.C.[Tomcat].[localhost].[/]       : Initializing Spring embedded WebApplicationContext
2026-03-29T13:11:06.676+05:30  INFO 267492 --- [shopro-pos-server] [main] w.s.c.ServletWebServerApplicationContext : Root WebApplicationContext: initialization completed in 2918 ms
2026-03-29T13:11:07.180+05:30  INFO 267492 --- [shopro-pos-server] [main] com.zaxxer.hikari.HikariDataSource       : HikariPool-1 - Starting...
2026-03-29T13:11:07.321+05:30  INFO 267492 --- [shopro-pos-server] [main] com.zaxxer.hikari.pool.HikariPool        : HikariPool-1 - Added connection org.postgresql.jdbc.PgConnection@1fd0ae78
2026-03-29T13:11:07.323+05:30  INFO 267492 --- [shopro-pos-server] [main] com.zaxxer.hikari.HikariDataSource       : HikariPool-1 - Start completed.
2026-03-29T13:11:07.393+05:30  INFO 267492 --- [shopro-pos-server] [main] o.f.c.internal.license.VersionPrinter    : Flyway Community Edition 9.22.3 by Redgate
2026-03-29T13:11:07.393+05:30  INFO 267492 --- [shopro-pos-server] [main] o.f.c.internal.license.VersionPrinter    : See release notes here: https://rd.gt/416ObMi
2026-03-29T13:11:07.393+05:30  INFO 267492 --- [shopro-pos-server] [main] o.f.c.internal.license.VersionPrinter    : 
2026-03-29T13:11:07.408+05:30  INFO 267492 --- [shopro-pos-server] [main] org.flywaydb.core.FlywayExecutor         : Database: jdbc:postgresql://localhost:5432/shopro_pos (PostgreSQL 18.3)
2026-03-29T13:11:07.414+05:30  WARN 267492 --- [shopro-pos-server] [main] o.f.c.internal.database.base.Database    : Flyway upgrade recommended: PostgreSQL 18.3 is newer than this version of Flyway and support has not been tested. The latest supported version of PostgreSQL is 15.
2026-03-29T13:11:07.507+05:30  INFO 267492 --- [shopro-pos-server] [main] o.f.core.internal.command.DbMigrate      : Current version of schema "public": 85
2026-03-29T13:11:07.511+05:30  INFO 267492 --- [shopro-pos-server] [main] o.f.core.internal.command.DbMigrate      : Schema "public" is up to date. No migration necessary.
2026-03-29T13:11:07.652+05:30  INFO 267492 --- [shopro-pos-server] [main] o.hibernate.jpa.internal.util.LogHelper  : HHH000204: Processing PersistenceUnitInfo [name: default]
2026-03-29T13:11:07.715+05:30  INFO 267492 --- [shopro-pos-server] [main] org.hibernate.Version                    : HHH000412: Hibernate ORM core version 6.4.4.Final
2026-03-29T13:11:07.748+05:30  INFO 267492 --- [shopro-pos-server] [main] o.h.c.internal.RegionFactoryInitiator    : HHH000026: Second-level cache disabled
2026-03-29T13:11:07.983+05:30  INFO 267492 --- [shopro-pos-server] [main] o.s.o.j.p.SpringPersistenceUnitInfo      : No LoadTimeWeaver setup: ignoring JPA class transformer
2026-03-29T13:11:08.030+05:30  WARN 267492 --- [shopro-pos-server] [main] org.hibernate.orm.deprecation            : HHH90000025: PostgreSQLDialect does not need to be specified explicitly using 'hibernate.dialect' (remove the property setting and it will be selected by default)
2026-03-29T13:11:10.220+05:30  INFO 267492 --- [shopro-pos-server] [main] o.h.e.t.j.p.i.JtaPlatformInitiator       : HHH000489: No JTA platform available (set 'hibernate.transaction.jta.platform' to enable JTA platform integration)
2026-03-29T13:11:10.224+05:30  INFO 267492 --- [shopro-pos-server] [main] j.LocalContainerEntityManagerFactoryBean : Initialized JPA EntityManagerFactory for persistence unit 'default'
2026-03-29T13:11:10.654+05:30 ERROR 267492 --- [shopro-pos-server] [main] o.s.b.web.embedded.tomcat.TomcatStarter  : Error starting Tomcat context. Exception: org.springframework.beans.factory.UnsatisfiedDependencyException. Message: Error creating bean with name 'fapiGatewayFilter' defined in file [/home/arun/IdeaProjects/shopro-pos/shopro-sabz-server/build/classes/java/main/mls/sho/dms/fapi/FapiGatewayFilter.class]: Unsatisfied dependency expressed through constructor parameter 0: No qualifying bean of type 'mls.sho.dms.fapi.FapiGatewayProperties' available: expected at least 1 bean which qualifies as autowire candidate. Dependency annotations: {}
2026-03-29T13:11:10.679+05:30  INFO 267492 --- [shopro-pos-server] [main] o.apache.catalina.core.StandardService   : Stopping service [Tomcat]
2026-03-29T13:11:10.682+05:30  WARN 267492 --- [shopro-pos-server] [main] o.a.c.loader.WebappClassLoaderBase       : The web application [ROOT] appears to have started a thread named [HikariPool-1 housekeeper] but has failed to stop it. This is very likely to create a memory leak. Stack trace of thread:
 java.base/jdk.internal.misc.Unsafe.park(Native Method)
 java.base/java.util.concurrent.locks.LockSupport.parkNanos(LockSupport.java:269)
 java.base/java.util.concurrent.locks.AbstractQueuedSynchronizer$ConditionObject.awaitNanos(AbstractQueuedSynchronizer.java:1763)
 java.base/java.util.concurrent.ScheduledThreadPoolExecutor$DelayedWorkQueue.take(ScheduledThreadPoolExecutor.java:1182)
 java.base/java.util.concurrent.ScheduledThreadPoolExecutor$DelayedWorkQueue.take(ScheduledThreadPoolExecutor.java:899)
 java.base/java.util.concurrent.ThreadPoolExecutor.getTask(ThreadPoolExecutor.java:1070)
 java.base/java.util.concurrent.ThreadPoolExecutor.runWorker(ThreadPoolExecutor.java:1130)
 java.base/java.util.concurrent.ThreadPoolExecutor$Worker.run(ThreadPoolExecutor.java:642)
 java.base/java.lang.Thread.run(Thread.java:1583)
2026-03-29T13:11:10.682+05:30  WARN 267492 --- [shopro-pos-server] [main] o.a.c.loader.WebappClassLoaderBase       : The web application [ROOT] appears to have started a thread named [HikariPool-1 connection adder] but has failed to stop it. This is very likely to create a memory leak. Stack trace of thread:
 java.base/jdk.internal.misc.Unsafe.park(Native Method)
 java.base/java.util.concurrent.locks.LockSupport.parkNanos(LockSupport.java:269)
 java.base/java.util.concurrent.locks.AbstractQueuedSynchronizer$ConditionObject.awaitNanos(AbstractQueuedSynchronizer.java:1763)
 java.base/java.util.concurrent.LinkedBlockingQueue.poll(LinkedBlockingQueue.java:460)
 java.base/java.util.concurrent.ThreadPoolExecutor.getTask(ThreadPoolExecutor.java:1069)
 java.base/java.util.concurrent.ThreadPoolExecutor.runWorker(ThreadPoolExecutor.java:1130)
 java.base/java.util.concurrent.ThreadPoolExecutor$Worker.run(ThreadPoolExecutor.java:642)
 java.base/java.lang.Thread.run(Thread.java:1583)
2026-03-29T13:11:10.687+05:30  WARN 267492 --- [shopro-pos-server] [main] ConfigServletWebServerApplicationContext : Exception encountered during context initialization - cancelling refresh attempt: org.springframework.context.ApplicationContextException: Unable to start web server
2026-03-29T13:11:10.687+05:30  INFO 267492 --- [shopro-pos-server] [main] j.LocalContainerEntityManagerFactoryBean : Closing JPA EntityManagerFactory for persistence unit 'default'
2026-03-29T13:11:10.689+05:30  INFO 267492 --- [shopro-pos-server] [main] com.zaxxer.hikari.HikariDataSource       : HikariPool-1 - Shutdown initiated...
2026-03-29T13:11:10.692+05:30  INFO 267492 --- [shopro-pos-server] [main] com.zaxxer.hikari.HikariDataSource       : HikariPool-1 - Shutdown completed.
2026-03-29T13:11:10.712+05:30  INFO 267492 --- [shopro-pos-server] [main] .s.b.a.l.ConditionEvaluationReportLogger : 

Error starting ApplicationContext. To display the condition evaluation report re-run your application with 'debug' enabled.
2026-03-29T13:11:10.740+05:30 ERROR 267492 --- [shopro-pos-server] [main] o.s.b.d.LoggingFailureAnalysisReporter   : 

***************************
APPLICATION FAILED TO START
***************************

Description:

Parameter 0 of constructor in mls.sho.dms.fapi.FapiGatewayFilter required a bean of type 'mls.sho.dms.fapi.FapiGatewayProperties' that could not be found.


Action:

Consider defining a bean of type 'mls.sho.dms.fapi.FapiGatewayProperties' in your configuration.

2026-03-29T13:15:07.611+05:30  INFO 268504 --- [shopro-pos-server] [main] mls.sho.dms.ShoproPosServerApplication   : Starting ShoproPosServerApplication using Java 21.0.9 with PID 268504 (/home/arun/IdeaProjects/shopro-pos/shopro-sabz-server/build/classes/java/main started by arun in /home/arun/IdeaProjects/shopro-pos/shopro-sabz-server)
2026-03-29T13:15:07.612+05:30 DEBUG 268504 --- [shopro-pos-server] [main] mls.sho.dms.ShoproPosServerApplication   : Running with Spring Boot v3.2.3, Spring v6.1.4
2026-03-29T13:15:07.614+05:30  INFO 268504 --- [shopro-pos-server] [main] mls.sho.dms.ShoproPosServerApplication   : No active profile set, falling back to 1 default profile: "default"
2026-03-29T13:15:09.191+05:30  INFO 268504 --- [shopro-pos-server] [main] .s.d.r.c.RepositoryConfigurationDelegate : Bootstrapping Spring Data JPA repositories in DEFAULT mode.
2026-03-29T13:15:09.485+05:30  INFO 268504 --- [shopro-pos-server] [main] .s.d.r.c.RepositoryConfigurationDelegate : Finished Spring Data repository scanning in 283 ms. Found 90 JPA repository interfaces.
2026-03-29T13:15:10.478+05:30  INFO 268504 --- [shopro-pos-server] [main] o.s.b.w.embedded.tomcat.TomcatWebServer  : Tomcat initialized with port 8080 (http)
2026-03-29T13:15:10.491+05:30  INFO 268504 --- [shopro-pos-server] [main] o.apache.catalina.core.StandardService   : Starting service [Tomcat]
2026-03-29T13:15:10.492+05:30  INFO 268504 --- [shopro-pos-server] [main] o.apache.catalina.core.StandardEngine    : Starting Servlet engine: [Apache Tomcat/10.1.19]
2026-03-29T13:15:10.571+05:30  INFO 268504 --- [shopro-pos-server] [main] o.a.c.c.C.[Tomcat].[localhost].[/]       : Initializing Spring embedded WebApplicationContext
2026-03-29T13:15:10.572+05:30  INFO 268504 --- [shopro-pos-server] [main] w.s.c.ServletWebServerApplicationContext : Root WebApplicationContext: initialization completed in 2901 ms
2026-03-29T13:15:11.252+05:30  INFO 268504 --- [shopro-pos-server] [main] com.zaxxer.hikari.HikariDataSource       : HikariPool-1 - Starting...
2026-03-29T13:15:11.414+05:30  INFO 268504 --- [shopro-pos-server] [main] com.zaxxer.hikari.pool.HikariPool        : HikariPool-1 - Added connection org.postgresql.jdbc.PgConnection@352e4b6d
2026-03-29T13:15:11.416+05:30  INFO 268504 --- [shopro-pos-server] [main] com.zaxxer.hikari.HikariDataSource       : HikariPool-1 - Start completed.
2026-03-29T13:15:11.498+05:30  INFO 268504 --- [shopro-pos-server] [main] o.f.c.internal.license.VersionPrinter    : Flyway Community Edition 9.22.3 by Redgate
2026-03-29T13:15:11.499+05:30  INFO 268504 --- [shopro-pos-server] [main] o.f.c.internal.license.VersionPrinter    : See release notes here: https://rd.gt/416ObMi
2026-03-29T13:15:11.499+05:30  INFO 268504 --- [shopro-pos-server] [main] o.f.c.internal.license.VersionPrinter    : 
2026-03-29T13:15:11.520+05:30  INFO 268504 --- [shopro-pos-server] [main] org.flywaydb.core.FlywayExecutor         : Database: jdbc:postgresql://localhost:5432/shopro_pos (PostgreSQL 18.3)
2026-03-29T13:15:11.529+05:30  WARN 268504 --- [shopro-pos-server] [main] o.f.c.internal.database.base.Database    : Flyway upgrade recommended: PostgreSQL 18.3 is newer than this version of Flyway and support has not been tested. The latest supported version of PostgreSQL is 15.
2026-03-29T13:15:11.649+05:30  INFO 268504 --- [shopro-pos-server] [main] o.f.core.internal.command.DbMigrate      : Current version of schema "public": 85
2026-03-29T13:15:11.652+05:30  INFO 268504 --- [shopro-pos-server] [main] o.f.core.internal.command.DbMigrate      : Schema "public" is up to date. No migration necessary.
2026-03-29T13:15:11.823+05:30  INFO 268504 --- [shopro-pos-server] [main] o.hibernate.jpa.internal.util.LogHelper  : HHH000204: Processing PersistenceUnitInfo [name: default]
2026-03-29T13:15:11.874+05:30  INFO 268504 --- [shopro-pos-server] [main] org.hibernate.Version                    : HHH000412: Hibernate ORM core version 6.4.4.Final
2026-03-29T13:15:11.902+05:30  INFO 268504 --- [shopro-pos-server] [main] o.h.c.internal.RegionFactoryInitiator    : HHH000026: Second-level cache disabled
2026-03-29T13:15:12.128+05:30  INFO 268504 --- [shopro-pos-server] [main] o.s.o.j.p.SpringPersistenceUnitInfo      : No LoadTimeWeaver setup: ignoring JPA class transformer
2026-03-29T13:15:12.176+05:30  WARN 268504 --- [shopro-pos-server] [main] org.hibernate.orm.deprecation            : HHH90000025: PostgreSQLDialect does not need to be specified explicitly using 'hibernate.dialect' (remove the property setting and it will be selected by default)
2026-03-29T13:15:14.870+05:30  INFO 268504 --- [shopro-pos-server] [main] o.h.e.t.j.p.i.JtaPlatformInitiator       : HHH000489: No JTA platform available (set 'hibernate.transaction.jta.platform' to enable JTA platform integration)
2026-03-29T13:15:14.873+05:30  INFO 268504 --- [shopro-pos-server] [main] j.LocalContainerEntityManagerFactoryBean : Initialized JPA EntityManagerFactory for persistence unit 'default'
2026-03-29T13:15:15.507+05:30 DEBUG 268504 --- [shopro-pos-server] [main] .s.d.a.s.MarketplaceAuthenticationFilter : Filter 'marketplaceAuthenticationFilter' configured for use
2026-03-29T13:15:15.507+05:30 DEBUG 268504 --- [shopro-pos-server] [main] m.s.d.a.s.StaffAuthenticationFilter      : Filter 'staffAuthenticationFilter' configured for use
2026-03-29T13:15:15.509+05:30 DEBUG 268504 --- [shopro-pos-server] [main] m.s.dms.application.security.DPoPFilter  : Filter 'DPoPFilter' configured for use
2026-03-29T13:15:15.509+05:30 DEBUG 268504 --- [shopro-pos-server] [main] mls.sho.dms.fapi.FapiGatewayFilter       : Filter 'fapiGatewayFilter' configured for use
2026-03-29T13:15:15.509+05:30 DEBUG 268504 --- [shopro-pos-server] [main] mls.sho.dms.config.GlobalCorsFilter      : Filter 'globalCorsFilter' configured for use
2026-03-29T13:15:16.074+05:30  INFO 268504 --- [shopro-pos-server] [main] o.s.d.j.r.query.QueryEnhancerFactory     : Hibernate is in classpath; If applicable, HQL parser will be used.
2026-03-29T13:15:22.089+05:30  WARN 268504 --- [shopro-pos-server] [main] JpaBaseConfiguration$JpaWebConfiguration : spring.jpa.open-in-view is enabled by default. Therefore, database queries may be performed during view rendering. Explicitly configure spring.jpa.open-in-view to disable this warning
2026-03-29T13:15:22.858+05:30  WARN 268504 --- [shopro-pos-server] [main] ConfigServletWebServerApplicationContext : Exception encountered during context initialization - cancelling refresh attempt: org.springframework.beans.factory.BeanCreationException: Error creating bean with name 'authorizationServerSecurityFilterChain' defined in class path resource [mls/sho/dms/config/security/AuthorizationServerConfig.class]: Failed to instantiate [org.springframework.security.web.SecurityFilterChain]: Factory method 'authorizationServerSecurityFilterChain' threw exception with message: No qualifying bean of type 'org.springframework.security.oauth2.server.authorization.token.OAuth2TokenCustomizer<org.springframework.security.oauth2.server.authorization.token.JwtEncodingContext>' available: expected single matching bean but found 2: fapiGuestTokenCustomizer,tokenCustomizer
2026-03-29T13:15:22.874+05:30  INFO 268504 --- [shopro-pos-server] [main] j.LocalContainerEntityManagerFactoryBean : Closing JPA EntityManagerFactory for persistence unit 'default'
2026-03-29T13:15:22.876+05:30  INFO 268504 --- [shopro-pos-server] [main] com.zaxxer.hikari.HikariDataSource       : HikariPool-1 - Shutdown initiated...
2026-03-29T13:15:22.888+05:30  INFO 268504 --- [shopro-pos-server] [main] com.zaxxer.hikari.HikariDataSource       : HikariPool-1 - Shutdown completed.
2026-03-29T13:15:22.891+05:30  INFO 268504 --- [shopro-pos-server] [main] o.apache.catalina.core.StandardService   : Stopping service [Tomcat]
2026-03-29T13:15:22.916+05:30  INFO 268504 --- [shopro-pos-server] [main] .s.b.a.l.ConditionEvaluationReportLogger : 

Error starting ApplicationContext. To display the condition evaluation report re-run your application with 'debug' enabled.
2026-03-29T13:15:22.936+05:30 ERROR 268504 --- [shopro-pos-server] [main] o.s.b.d.LoggingFailureAnalysisReporter   : 

***************************
APPLICATION FAILED TO START
***************************

Description:

Method authorizationServerSecurityFilterChain in mls.sho.dms.config.security.AuthorizationServerConfig required a single bean, but 2 were found:
	- fapiGuestTokenCustomizer: defined in file [/home/arun/IdeaProjects/shopro-pos/shopro-sabz-server/build/classes/java/main/mls/sho/dms/config/security/FapiGuestTokenCustomizer.class]
	- tokenCustomizer: defined by method 'tokenCustomizer' in class path resource [mls/sho/dms/config/security/AuthorizationServerConfig.class]

This may be due to missing parameter name information

Action:

Consider marking one of the beans as @Primary, updating the consumer to accept multiple beans, or using @Qualifier to identify the bean that should be consumed

Ensure that your compiler is configured to use the '-parameters' flag.
You may need to update both your build tool settings as well as your IDE.
(See https://github.com/spring-projects/spring-framework/wiki/Upgrading-to-Spring-Framework-6.x#parameter-name-retention)


2026-03-29T13:17:01.939+05:30  INFO 269055 --- [shopro-pos-server] [main] mls.sho.dms.ShoproPosServerApplication   : Starting ShoproPosServerApplication using Java 21.0.9 with PID 269055 (/home/arun/IdeaProjects/shopro-pos/shopro-sabz-server/build/classes/java/main started by arun in /home/arun/IdeaProjects/shopro-pos/shopro-sabz-server)
2026-03-29T13:17:01.941+05:30 DEBUG 269055 --- [shopro-pos-server] [main] mls.sho.dms.ShoproPosServerApplication   : Running with Spring Boot v3.2.3, Spring v6.1.4
2026-03-29T13:17:01.942+05:30  INFO 269055 --- [shopro-pos-server] [main] mls.sho.dms.ShoproPosServerApplication   : No active profile set, falling back to 1 default profile: "default"
2026-03-29T13:17:03.582+05:30  INFO 269055 --- [shopro-pos-server] [main] .s.d.r.c.RepositoryConfigurationDelegate : Bootstrapping Spring Data JPA repositories in DEFAULT mode.
2026-03-29T13:17:03.964+05:30  INFO 269055 --- [shopro-pos-server] [main] .s.d.r.c.RepositoryConfigurationDelegate : Finished Spring Data repository scanning in 375 ms. Found 90 JPA repository interfaces.
2026-03-29T13:17:04.993+05:30  INFO 269055 --- [shopro-pos-server] [main] o.s.b.w.embedded.tomcat.TomcatWebServer  : Tomcat initialized with port 8080 (http)
2026-03-29T13:17:05.011+05:30  INFO 269055 --- [shopro-pos-server] [main] o.apache.catalina.core.StandardService   : Starting service [Tomcat]
2026-03-29T13:17:05.011+05:30  INFO 269055 --- [shopro-pos-server] [main] o.apache.catalina.core.StandardEngine    : Starting Servlet engine: [Apache Tomcat/10.1.19]
2026-03-29T13:17:05.079+05:30  INFO 269055 --- [shopro-pos-server] [main] o.a.c.c.C.[Tomcat].[localhost].[/]       : Initializing Spring embedded WebApplicationContext
2026-03-29T13:17:05.080+05:30  INFO 269055 --- [shopro-pos-server] [main] w.s.c.ServletWebServerApplicationContext : Root WebApplicationContext: initialization completed in 3083 ms
2026-03-29T13:17:05.655+05:30  INFO 269055 --- [shopro-pos-server] [main] com.zaxxer.hikari.HikariDataSource       : HikariPool-1 - Starting...
2026-03-29T13:17:05.798+05:30  INFO 269055 --- [shopro-pos-server] [main] com.zaxxer.hikari.pool.HikariPool        : HikariPool-1 - Added connection org.postgresql.jdbc.PgConnection@5cc075da
2026-03-29T13:17:05.802+05:30  INFO 269055 --- [shopro-pos-server] [main] com.zaxxer.hikari.HikariDataSource       : HikariPool-1 - Start completed.
2026-03-29T13:17:05.875+05:30  INFO 269055 --- [shopro-pos-server] [main] o.f.c.internal.license.VersionPrinter    : Flyway Community Edition 9.22.3 by Redgate
2026-03-29T13:17:05.875+05:30  INFO 269055 --- [shopro-pos-server] [main] o.f.c.internal.license.VersionPrinter    : See release notes here: https://rd.gt/416ObMi
2026-03-29T13:17:05.875+05:30  INFO 269055 --- [shopro-pos-server] [main] o.f.c.internal.license.VersionPrinter    : 
2026-03-29T13:17:05.891+05:30  INFO 269055 --- [shopro-pos-server] [main] org.flywaydb.core.FlywayExecutor         : Database: jdbc:postgresql://localhost:5432/shopro_pos (PostgreSQL 18.3)
2026-03-29T13:17:05.899+05:30  WARN 269055 --- [shopro-pos-server] [main] o.f.c.internal.database.base.Database    : Flyway upgrade recommended: PostgreSQL 18.3 is newer than this version of Flyway and support has not been tested. The latest supported version of PostgreSQL is 15.
2026-03-29T13:17:05.995+05:30  INFO 269055 --- [shopro-pos-server] [main] o.f.core.internal.command.DbMigrate      : Current version of schema "public": 85
2026-03-29T13:17:06.000+05:30  INFO 269055 --- [shopro-pos-server] [main] o.f.core.internal.command.DbMigrate      : Schema "public" is up to date. No migration necessary.
2026-03-29T13:17:06.182+05:30  INFO 269055 --- [shopro-pos-server] [main] o.hibernate.jpa.internal.util.LogHelper  : HHH000204: Processing PersistenceUnitInfo [name: default]
2026-03-29T13:17:06.240+05:30  INFO 269055 --- [shopro-pos-server] [main] org.hibernate.Version                    : HHH000412: Hibernate ORM core version 6.4.4.Final
2026-03-29T13:17:06.274+05:30  INFO 269055 --- [shopro-pos-server] [main] o.h.c.internal.RegionFactoryInitiator    : HHH000026: Second-level cache disabled
2026-03-29T13:17:06.533+05:30  INFO 269055 --- [shopro-pos-server] [main] o.s.o.j.p.SpringPersistenceUnitInfo      : No LoadTimeWeaver setup: ignoring JPA class transformer
2026-03-29T13:17:06.588+05:30  WARN 269055 --- [shopro-pos-server] [main] org.hibernate.orm.deprecation            : HHH90000025: PostgreSQLDialect does not need to be specified explicitly using 'hibernate.dialect' (remove the property setting and it will be selected by default)
2026-03-29T13:17:09.706+05:30  INFO 269055 --- [shopro-pos-server] [main] o.h.e.t.j.p.i.JtaPlatformInitiator       : HHH000489: No JTA platform available (set 'hibernate.transaction.jta.platform' to enable JTA platform integration)
2026-03-29T13:17:09.710+05:30  INFO 269055 --- [shopro-pos-server] [main] j.LocalContainerEntityManagerFactoryBean : Initialized JPA EntityManagerFactory for persistence unit 'default'
2026-03-29T13:17:10.313+05:30 ERROR 269055 --- [shopro-pos-server] [main] o.s.b.web.embedded.tomcat.TomcatStarter  : Error starting Tomcat context. Exception: org.springframework.beans.factory.UnsatisfiedDependencyException. Message: Error creating bean with name 'fapiGatewayFilter' defined in file [/home/arun/IdeaProjects/shopro-pos/shopro-sabz-server/build/classes/java/main/mls/sho/dms/fapi/FapiGatewayFilter.class]: Unsatisfied dependency expressed through constructor parameter 0: No qualifying bean of type 'mls.sho.dms.fapi.FapiGatewayProperties' available: expected at least 1 bean which qualifies as autowire candidate. Dependency annotations: {}
2026-03-29T13:17:10.344+05:30  INFO 269055 --- [shopro-pos-server] [main] o.apache.catalina.core.StandardService   : Stopping service [Tomcat]
2026-03-29T13:17:10.347+05:30  WARN 269055 --- [shopro-pos-server] [main] o.a.c.loader.WebappClassLoaderBase       : The web application [ROOT] appears to have started a thread named [HikariPool-1 housekeeper] but has failed to stop it. This is very likely to create a memory leak. Stack trace of thread:
 java.base/jdk.internal.misc.Unsafe.park(Native Method)
 java.base/java.util.concurrent.locks.LockSupport.parkNanos(LockSupport.java:269)
 java.base/java.util.concurrent.locks.AbstractQueuedSynchronizer$ConditionObject.awaitNanos(AbstractQueuedSynchronizer.java:1763)
 java.base/java.util.concurrent.ScheduledThreadPoolExecutor$DelayedWorkQueue.take(ScheduledThreadPoolExecutor.java:1182)
 java.base/java.util.concurrent.ScheduledThreadPoolExecutor$DelayedWorkQueue.take(ScheduledThreadPoolExecutor.java:899)
 java.base/java.util.concurrent.ThreadPoolExecutor.getTask(ThreadPoolExecutor.java:1070)
 java.base/java.util.concurrent.ThreadPoolExecutor.runWorker(ThreadPoolExecutor.java:1130)
 java.base/java.util.concurrent.ThreadPoolExecutor$Worker.run(ThreadPoolExecutor.java:642)
 java.base/java.lang.Thread.run(Thread.java:1583)
2026-03-29T13:17:10.348+05:30  WARN 269055 --- [shopro-pos-server] [main] o.a.c.loader.WebappClassLoaderBase       : The web application [ROOT] appears to have started a thread named [HikariPool-1 connection adder] but has failed to stop it. This is very likely to create a memory leak. Stack trace of thread:
 java.base/jdk.internal.misc.Unsafe.park(Native Method)
 java.base/java.util.concurrent.locks.LockSupport.parkNanos(LockSupport.java:269)
 java.base/java.util.concurrent.locks.AbstractQueuedSynchronizer$ConditionObject.awaitNanos(AbstractQueuedSynchronizer.java:1763)
 java.base/java.util.concurrent.LinkedBlockingQueue.poll(LinkedBlockingQueue.java:460)
 java.base/java.util.concurrent.ThreadPoolExecutor.getTask(ThreadPoolExecutor.java:1069)
 java.base/java.util.concurrent.ThreadPoolExecutor.runWorker(ThreadPoolExecutor.java:1130)
 java.base/java.util.concurrent.ThreadPoolExecutor$Worker.run(ThreadPoolExecutor.java:642)
 java.base/java.lang.Thread.run(Thread.java:1583)
2026-03-29T13:17:10.351+05:30  WARN 269055 --- [shopro-pos-server] [main] ConfigServletWebServerApplicationContext : Exception encountered during context initialization - cancelling refresh attempt: org.springframework.context.ApplicationContextException: Unable to start web server
2026-03-29T13:17:10.352+05:30  INFO 269055 --- [shopro-pos-server] [main] j.LocalContainerEntityManagerFactoryBean : Closing JPA EntityManagerFactory for persistence unit 'default'
2026-03-29T13:17:10.354+05:30  INFO 269055 --- [shopro-pos-server] [main] com.zaxxer.hikari.HikariDataSource       : HikariPool-1 - Shutdown initiated...
2026-03-29T13:17:10.360+05:30  INFO 269055 --- [shopro-pos-server] [main] com.zaxxer.hikari.HikariDataSource       : HikariPool-1 - Shutdown completed.
2026-03-29T13:17:10.386+05:30  INFO 269055 --- [shopro-pos-server] [main] .s.b.a.l.ConditionEvaluationReportLogger : 

Error starting ApplicationContext. To display the condition evaluation report re-run your application with 'debug' enabled.
2026-03-29T13:17:10.419+05:30 ERROR 269055 --- [shopro-pos-server] [main] o.s.b.d.LoggingFailureAnalysisReporter   : 

***************************
APPLICATION FAILED TO START
***************************

Description:

Parameter 0 of constructor in mls.sho.dms.fapi.FapiGatewayFilter required a bean of type 'mls.sho.dms.fapi.FapiGatewayProperties' that could not be found.


Action:

Consider defining a bean of type 'mls.sho.dms.fapi.FapiGatewayProperties' in your configuration.

2026-03-29T13:18:53.935+05:30  INFO 269684 --- [shopro-pos-server] [main] mls.sho.dms.ShoproPosServerApplication   : Starting ShoproPosServerApplication using Java 21.0.9 with PID 269684 (/home/arun/IdeaProjects/shopro-pos/shopro-sabz-server/build/classes/java/main started by arun in /home/arun/IdeaProjects/shopro-pos/shopro-sabz-server)
2026-03-29T13:18:53.936+05:30 DEBUG 269684 --- [shopro-pos-server] [main] mls.sho.dms.ShoproPosServerApplication   : Running with Spring Boot v3.2.3, Spring v6.1.4
2026-03-29T13:18:53.937+05:30  INFO 269684 --- [shopro-pos-server] [main] mls.sho.dms.ShoproPosServerApplication   : No active profile set, falling back to 1 default profile: "default"
2026-03-29T13:18:55.245+05:30  INFO 269684 --- [shopro-pos-server] [main] .s.d.r.c.RepositoryConfigurationDelegate : Bootstrapping Spring Data JPA repositories in DEFAULT mode.
2026-03-29T13:18:55.460+05:30  INFO 269684 --- [shopro-pos-server] [main] .s.d.r.c.RepositoryConfigurationDelegate : Finished Spring Data repository scanning in 208 ms. Found 90 JPA repository interfaces.
2026-03-29T13:18:56.320+05:30  INFO 269684 --- [shopro-pos-server] [main] o.s.b.w.embedded.tomcat.TomcatWebServer  : Tomcat initialized with port 8080 (http)
2026-03-29T13:18:56.333+05:30  INFO 269684 --- [shopro-pos-server] [main] o.apache.catalina.core.StandardService   : Starting service [Tomcat]
2026-03-29T13:18:56.334+05:30  INFO 269684 --- [shopro-pos-server] [main] o.apache.catalina.core.StandardEngine    : Starting Servlet engine: [Apache Tomcat/10.1.19]
2026-03-29T13:18:56.389+05:30  INFO 269684 --- [shopro-pos-server] [main] o.a.c.c.C.[Tomcat].[localhost].[/]       : Initializing Spring embedded WebApplicationContext
2026-03-29T13:18:56.389+05:30  INFO 269684 --- [shopro-pos-server] [main] w.s.c.ServletWebServerApplicationContext : Root WebApplicationContext: initialization completed in 2410 ms
2026-03-29T13:18:56.891+05:30  INFO 269684 --- [shopro-pos-server] [main] com.zaxxer.hikari.HikariDataSource       : HikariPool-1 - Starting...
2026-03-29T13:18:57.033+05:30  INFO 269684 --- [shopro-pos-server] [main] com.zaxxer.hikari.pool.HikariPool        : HikariPool-1 - Added connection org.postgresql.jdbc.PgConnection@3ca3eba2
2026-03-29T13:18:57.035+05:30  INFO 269684 --- [shopro-pos-server] [main] com.zaxxer.hikari.HikariDataSource       : HikariPool-1 - Start completed.
2026-03-29T13:18:57.125+05:30  INFO 269684 --- [shopro-pos-server] [main] o.f.c.internal.license.VersionPrinter    : Flyway Community Edition 9.22.3 by Redgate
2026-03-29T13:18:57.125+05:30  INFO 269684 --- [shopro-pos-server] [main] o.f.c.internal.license.VersionPrinter    : See release notes here: https://rd.gt/416ObMi
2026-03-29T13:18:57.125+05:30  INFO 269684 --- [shopro-pos-server] [main] o.f.c.internal.license.VersionPrinter    : 
2026-03-29T13:18:57.141+05:30  INFO 269684 --- [shopro-pos-server] [main] org.flywaydb.core.FlywayExecutor         : Database: jdbc:postgresql://localhost:5432/shopro_pos (PostgreSQL 18.3)
2026-03-29T13:18:57.147+05:30  WARN 269684 --- [shopro-pos-server] [main] o.f.c.internal.database.base.Database    : Flyway upgrade recommended: PostgreSQL 18.3 is newer than this version of Flyway and support has not been tested. The latest supported version of PostgreSQL is 15.
2026-03-29T13:18:57.217+05:30  INFO 269684 --- [shopro-pos-server] [main] o.f.core.internal.command.DbMigrate      : Current version of schema "public": 85
2026-03-29T13:18:57.220+05:30  INFO 269684 --- [shopro-pos-server] [main] o.f.core.internal.command.DbMigrate      : Schema "public" is up to date. No migration necessary.
2026-03-29T13:18:57.358+05:30  INFO 269684 --- [shopro-pos-server] [main] o.hibernate.jpa.internal.util.LogHelper  : HHH000204: Processing PersistenceUnitInfo [name: default]
2026-03-29T13:18:57.407+05:30  INFO 269684 --- [shopro-pos-server] [main] org.hibernate.Version                    : HHH000412: Hibernate ORM core version 6.4.4.Final
2026-03-29T13:18:57.438+05:30  INFO 269684 --- [shopro-pos-server] [main] o.h.c.internal.RegionFactoryInitiator    : HHH000026: Second-level cache disabled
2026-03-29T13:18:57.642+05:30  INFO 269684 --- [shopro-pos-server] [main] o.s.o.j.p.SpringPersistenceUnitInfo      : No LoadTimeWeaver setup: ignoring JPA class transformer
2026-03-29T13:18:57.688+05:30  WARN 269684 --- [shopro-pos-server] [main] org.hibernate.orm.deprecation            : HHH90000025: PostgreSQLDialect does not need to be specified explicitly using 'hibernate.dialect' (remove the property setting and it will be selected by default)
2026-03-29T13:18:59.824+05:30  INFO 269684 --- [shopro-pos-server] [main] o.h.e.t.j.p.i.JtaPlatformInitiator       : HHH000489: No JTA platform available (set 'hibernate.transaction.jta.platform' to enable JTA platform integration)
2026-03-29T13:18:59.827+05:30  INFO 269684 --- [shopro-pos-server] [main] j.LocalContainerEntityManagerFactoryBean : Initialized JPA EntityManagerFactory for persistence unit 'default'
2026-03-29T13:19:00.383+05:30 DEBUG 269684 --- [shopro-pos-server] [main] .s.d.a.s.MarketplaceAuthenticationFilter : Filter 'marketplaceAuthenticationFilter' configured for use
2026-03-29T13:19:00.384+05:30 DEBUG 269684 --- [shopro-pos-server] [main] m.s.d.a.s.StaffAuthenticationFilter      : Filter 'staffAuthenticationFilter' configured for use
2026-03-29T13:19:00.385+05:30 DEBUG 269684 --- [shopro-pos-server] [main] m.s.dms.application.security.DPoPFilter  : Filter 'DPoPFilter' configured for use
2026-03-29T13:19:00.385+05:30 DEBUG 269684 --- [shopro-pos-server] [main] mls.sho.dms.fapi.FapiGatewayFilter       : Filter 'fapiGatewayFilter' configured for use
2026-03-29T13:19:00.386+05:30 DEBUG 269684 --- [shopro-pos-server] [main] mls.sho.dms.config.GlobalCorsFilter      : Filter 'globalCorsFilter' configured for use
2026-03-29T13:19:00.863+05:30  INFO 269684 --- [shopro-pos-server] [main] o.s.d.j.r.query.QueryEnhancerFactory     : Hibernate is in classpath; If applicable, HQL parser will be used.
2026-03-29T13:19:07.590+05:30  WARN 269684 --- [shopro-pos-server] [main] JpaBaseConfiguration$JpaWebConfiguration : spring.jpa.open-in-view is enabled by default. Therefore, database queries may be performed during view rendering. Explicitly configure spring.jpa.open-in-view to disable this warning
2026-03-29T13:19:11.168+05:30  WARN 269684 --- [shopro-pos-server] [main] ConfigServletWebServerApplicationContext : Exception encountered during context initialization - cancelling refresh attempt: org.springframework.beans.factory.BeanCreationException: Error creating bean with name 'authorizationServerSecurityFilterChain' defined in class path resource [mls/sho/dms/config/security/AuthorizationServerConfig.class]: Failed to instantiate [org.springframework.security.web.SecurityFilterChain]: Factory method 'authorizationServerSecurityFilterChain' threw exception with message: No qualifying bean of type 'org.springframework.security.oauth2.server.authorization.token.OAuth2TokenCustomizer<org.springframework.security.oauth2.server.authorization.token.JwtEncodingContext>' available: expected single matching bean but found 2: fapiGuestTokenCustomizer,tokenCustomizer
2026-03-29T13:19:11.186+05:30  INFO 269684 --- [shopro-pos-server] [main] j.LocalContainerEntityManagerFactoryBean : Closing JPA EntityManagerFactory for persistence unit 'default'
2026-03-29T13:19:11.188+05:30  INFO 269684 --- [shopro-pos-server] [main] com.zaxxer.hikari.HikariDataSource       : HikariPool-1 - Shutdown initiated...
2026-03-29T13:19:11.194+05:30  INFO 269684 --- [shopro-pos-server] [main] com.zaxxer.hikari.HikariDataSource       : HikariPool-1 - Shutdown completed.
2026-03-29T13:19:11.197+05:30  INFO 269684 --- [shopro-pos-server] [main] o.apache.catalina.core.StandardService   : Stopping service [Tomcat]
2026-03-29T13:19:11.220+05:30  INFO 269684 --- [shopro-pos-server] [main] .s.b.a.l.ConditionEvaluationReportLogger : 

Error starting ApplicationContext. To display the condition evaluation report re-run your application with 'debug' enabled.
2026-03-29T13:19:11.242+05:30 ERROR 269684 --- [shopro-pos-server] [main] o.s.b.d.LoggingFailureAnalysisReporter   : 

***************************
APPLICATION FAILED TO START
***************************

Description:

Method authorizationServerSecurityFilterChain in mls.sho.dms.config.security.AuthorizationServerConfig required a single bean, but 2 were found:
	- fapiGuestTokenCustomizer: defined in file [/home/arun/IdeaProjects/shopro-pos/shopro-sabz-server/build/classes/java/main/mls/sho/dms/config/security/FapiGuestTokenCustomizer.class]
	- tokenCustomizer: defined by method 'tokenCustomizer' in class path resource [mls/sho/dms/config/security/AuthorizationServerConfig.class]

This may be due to missing parameter name information

Action:

Consider marking one of the beans as @Primary, updating the consumer to accept multiple beans, or using @Qualifier to identify the bean that should be consumed

Ensure that your compiler is configured to use the '-parameters' flag.
You may need to update both your build tool settings as well as your IDE.
(See https://github.com/spring-projects/spring-framework/wiki/Upgrading-to-Spring-Framework-6.x#parameter-name-retention)


2026-03-29T13:23:44.125+05:30  INFO 270691 --- [shopro-pos-server] [main] mls.sho.dms.ShoproPosServerApplication   : Starting ShoproPosServerApplication using Java 21.0.9 with PID 270691 (/home/arun/IdeaProjects/shopro-pos/shopro-sabz-server/build/classes/java/main started by arun in /home/arun/IdeaProjects/shopro-pos/shopro-sabz-server)
2026-03-29T13:23:44.126+05:30 DEBUG 270691 --- [shopro-pos-server] [main] mls.sho.dms.ShoproPosServerApplication   : Running with Spring Boot v3.2.3, Spring v6.1.4
2026-03-29T13:23:44.127+05:30  INFO 270691 --- [shopro-pos-server] [main] mls.sho.dms.ShoproPosServerApplication   : No active profile set, falling back to 1 default profile: "default"
2026-03-29T13:23:45.563+05:30  INFO 270691 --- [shopro-pos-server] [main] .s.d.r.c.RepositoryConfigurationDelegate : Bootstrapping Spring Data JPA repositories in DEFAULT mode.
2026-03-29T13:23:45.856+05:30  INFO 270691 --- [shopro-pos-server] [main] .s.d.r.c.RepositoryConfigurationDelegate : Finished Spring Data repository scanning in 281 ms. Found 90 JPA repository interfaces.
2026-03-29T13:23:46.856+05:30  INFO 270691 --- [shopro-pos-server] [main] o.s.b.w.embedded.tomcat.TomcatWebServer  : Tomcat initialized with port 8080 (http)
2026-03-29T13:23:46.873+05:30  INFO 270691 --- [shopro-pos-server] [main] o.apache.catalina.core.StandardService   : Starting service [Tomcat]
2026-03-29T13:23:46.874+05:30  INFO 270691 --- [shopro-pos-server] [main] o.apache.catalina.core.StandardEngine    : Starting Servlet engine: [Apache Tomcat/10.1.19]
2026-03-29T13:23:46.942+05:30  INFO 270691 --- [shopro-pos-server] [main] o.a.c.c.C.[Tomcat].[localhost].[/]       : Initializing Spring embedded WebApplicationContext
2026-03-29T13:23:46.942+05:30  INFO 270691 --- [shopro-pos-server] [main] w.s.c.ServletWebServerApplicationContext : Root WebApplicationContext: initialization completed in 2766 ms
2026-03-29T13:23:47.515+05:30  INFO 270691 --- [shopro-pos-server] [main] com.zaxxer.hikari.HikariDataSource       : HikariPool-1 - Starting...
2026-03-29T13:23:47.655+05:30  INFO 270691 --- [shopro-pos-server] [main] com.zaxxer.hikari.pool.HikariPool        : HikariPool-1 - Added connection org.postgresql.jdbc.PgConnection@3ca3eba2
2026-03-29T13:23:47.657+05:30  INFO 270691 --- [shopro-pos-server] [main] com.zaxxer.hikari.HikariDataSource       : HikariPool-1 - Start completed.
2026-03-29T13:23:47.733+05:30  INFO 270691 --- [shopro-pos-server] [main] o.f.c.internal.license.VersionPrinter    : Flyway Community Edition 9.22.3 by Redgate
2026-03-29T13:23:47.734+05:30  INFO 270691 --- [shopro-pos-server] [main] o.f.c.internal.license.VersionPrinter    : See release notes here: https://rd.gt/416ObMi
2026-03-29T13:23:47.734+05:30  INFO 270691 --- [shopro-pos-server] [main] o.f.c.internal.license.VersionPrinter    : 
2026-03-29T13:23:47.752+05:30  INFO 270691 --- [shopro-pos-server] [main] org.flywaydb.core.FlywayExecutor         : Database: jdbc:postgresql://localhost:5432/shopro_pos (PostgreSQL 18.3)
2026-03-29T13:23:47.777+05:30  WARN 270691 --- [shopro-pos-server] [main] o.f.c.internal.database.base.Database    : Flyway upgrade recommended: PostgreSQL 18.3 is newer than this version of Flyway and support has not been tested. The latest supported version of PostgreSQL is 15.
2026-03-29T13:23:47.871+05:30  INFO 270691 --- [shopro-pos-server] [main] o.f.core.internal.command.DbMigrate      : Current version of schema "public": 85
2026-03-29T13:23:47.874+05:30  INFO 270691 --- [shopro-pos-server] [main] o.f.core.internal.command.DbMigrate      : Schema "public" is up to date. No migration necessary.
2026-03-29T13:23:48.018+05:30  INFO 270691 --- [shopro-pos-server] [main] o.hibernate.jpa.internal.util.LogHelper  : HHH000204: Processing PersistenceUnitInfo [name: default]
2026-03-29T13:23:48.083+05:30  INFO 270691 --- [shopro-pos-server] [main] org.hibernate.Version                    : HHH000412: Hibernate ORM core version 6.4.4.Final
2026-03-29T13:23:48.115+05:30  INFO 270691 --- [shopro-pos-server] [main] o.h.c.internal.RegionFactoryInitiator    : HHH000026: Second-level cache disabled
2026-03-29T13:23:48.385+05:30  INFO 270691 --- [shopro-pos-server] [main] o.s.o.j.p.SpringPersistenceUnitInfo      : No LoadTimeWeaver setup: ignoring JPA class transformer
2026-03-29T13:23:48.444+05:30  WARN 270691 --- [shopro-pos-server] [main] org.hibernate.orm.deprecation            : HHH90000025: PostgreSQLDialect does not need to be specified explicitly using 'hibernate.dialect' (remove the property setting and it will be selected by default)
2026-03-29T13:23:50.862+05:30  INFO 270691 --- [shopro-pos-server] [main] o.h.e.t.j.p.i.JtaPlatformInitiator       : HHH000489: No JTA platform available (set 'hibernate.transaction.jta.platform' to enable JTA platform integration)
2026-03-29T13:23:50.867+05:30  INFO 270691 --- [shopro-pos-server] [main] j.LocalContainerEntityManagerFactoryBean : Initialized JPA EntityManagerFactory for persistence unit 'default'
2026-03-29T13:23:51.497+05:30 DEBUG 270691 --- [shopro-pos-server] [main] .s.d.a.s.MarketplaceAuthenticationFilter : Filter 'marketplaceAuthenticationFilter' configured for use
2026-03-29T13:23:51.497+05:30 DEBUG 270691 --- [shopro-pos-server] [main] m.s.d.a.s.StaffAuthenticationFilter      : Filter 'staffAuthenticationFilter' configured for use
2026-03-29T13:23:51.499+05:30 DEBUG 270691 --- [shopro-pos-server] [main] m.s.dms.application.security.DPoPFilter  : Filter 'DPoPFilter' configured for use
2026-03-29T13:23:51.499+05:30 DEBUG 270691 --- [shopro-pos-server] [main] mls.sho.dms.fapi.FapiGatewayFilter       : Filter 'fapiGatewayFilter' configured for use
2026-03-29T13:23:51.499+05:30 DEBUG 270691 --- [shopro-pos-server] [main] mls.sho.dms.config.GlobalCorsFilter      : Filter 'globalCorsFilter' configured for use
2026-03-29T13:23:51.992+05:30  INFO 270691 --- [shopro-pos-server] [main] o.s.d.j.r.query.QueryEnhancerFactory     : Hibernate is in classpath; If applicable, HQL parser will be used.
2026-03-29T13:23:58.524+05:30  WARN 270691 --- [shopro-pos-server] [main] JpaBaseConfiguration$JpaWebConfiguration : spring.jpa.open-in-view is enabled by default. Therefore, database queries may be performed during view rendering. Explicitly configure spring.jpa.open-in-view to disable this warning
2026-03-29T13:23:59.676+05:30  WARN 270691 --- [shopro-pos-server] [main] ConfigServletWebServerApplicationContext : Exception encountered during context initialization - cancelling refresh attempt: org.springframework.beans.factory.BeanCreationException: Error creating bean with name 'authorizationServerSecurityFilterChain' defined in class path resource [mls/sho/dms/config/security/AuthorizationServerConfig.class]: Failed to instantiate [org.springframework.security.web.SecurityFilterChain]: Factory method 'authorizationServerSecurityFilterChain' threw exception with message: No qualifying bean of type 'org.springframework.security.oauth2.server.authorization.token.OAuth2TokenCustomizer<org.springframework.security.oauth2.server.authorization.token.JwtEncodingContext>' available: expected single matching bean but found 2: fapiGuestTokenCustomizer,tokenCustomizer
2026-03-29T13:23:59.689+05:30  INFO 270691 --- [shopro-pos-server] [main] j.LocalContainerEntityManagerFactoryBean : Closing JPA EntityManagerFactory for persistence unit 'default'
2026-03-29T13:23:59.690+05:30  INFO 270691 --- [shopro-pos-server] [main] com.zaxxer.hikari.HikariDataSource       : HikariPool-1 - Shutdown initiated...
2026-03-29T13:23:59.696+05:30  INFO 270691 --- [shopro-pos-server] [main] com.zaxxer.hikari.HikariDataSource       : HikariPool-1 - Shutdown completed.
2026-03-29T13:23:59.698+05:30  INFO 270691 --- [shopro-pos-server] [main] o.apache.catalina.core.StandardService   : Stopping service [Tomcat]
2026-03-29T13:23:59.718+05:30  INFO 270691 --- [shopro-pos-server] [main] .s.b.a.l.ConditionEvaluationReportLogger : 

Error starting ApplicationContext. To display the condition evaluation report re-run your application with 'debug' enabled.
2026-03-29T13:23:59.734+05:30 ERROR 270691 --- [shopro-pos-server] [main] o.s.b.d.LoggingFailureAnalysisReporter   : 

***************************
APPLICATION FAILED TO START
***************************

Description:

Method authorizationServerSecurityFilterChain in mls.sho.dms.config.security.AuthorizationServerConfig required a single bean, but 2 were found:
	- fapiGuestTokenCustomizer: defined in file [/home/arun/IdeaProjects/shopro-pos/shopro-sabz-server/build/classes/java/main/mls/sho/dms/config/security/FapiGuestTokenCustomizer.class]
	- tokenCustomizer: defined by method 'tokenCustomizer' in class path resource [mls/sho/dms/config/security/AuthorizationServerConfig.class]

This may be due to missing parameter name information

Action:

Consider marking one of the beans as @Primary, updating the consumer to accept multiple beans, or using @Qualifier to identify the bean that should be consumed

Ensure that your compiler is configured to use the '-parameters' flag.
You may need to update both your build tool settings as well as your IDE.
(See https://github.com/spring-projects/spring-framework/wiki/Upgrading-to-Spring-Framework-6.x#parameter-name-retention)


2026-03-29T13:24:19.560+05:30  INFO 271053 --- [shopro-pos-server] [main] mls.sho.dms.ShoproPosServerApplication   : Starting ShoproPosServerApplication using Java 21.0.9 with PID 271053 (/home/arun/IdeaProjects/shopro-pos/shopro-sabz-server/build/classes/java/main started by arun in /home/arun/IdeaProjects/shopro-pos/shopro-sabz-server)
2026-03-29T13:24:19.561+05:30 DEBUG 271053 --- [shopro-pos-server] [main] mls.sho.dms.ShoproPosServerApplication   : Running with Spring Boot v3.2.3, Spring v6.1.4
2026-03-29T13:24:19.561+05:30  INFO 271053 --- [shopro-pos-server] [main] mls.sho.dms.ShoproPosServerApplication   : No active profile set, falling back to 1 default profile: "default"
2026-03-29T13:24:20.594+05:30  INFO 271053 --- [shopro-pos-server] [main] .s.d.r.c.RepositoryConfigurationDelegate : Bootstrapping Spring Data JPA repositories in DEFAULT mode.
2026-03-29T13:24:20.852+05:30  INFO 271053 --- [shopro-pos-server] [main] .s.d.r.c.RepositoryConfigurationDelegate : Finished Spring Data repository scanning in 252 ms. Found 90 JPA repository interfaces.
2026-03-29T13:24:21.670+05:30  INFO 271053 --- [shopro-pos-server] [main] o.s.b.w.embedded.tomcat.TomcatWebServer  : Tomcat initialized with port 8080 (http)
2026-03-29T13:24:21.682+05:30  INFO 271053 --- [shopro-pos-server] [main] o.apache.catalina.core.StandardService   : Starting service [Tomcat]
2026-03-29T13:24:21.682+05:30  INFO 271053 --- [shopro-pos-server] [main] o.apache.catalina.core.StandardEngine    : Starting Servlet engine: [Apache Tomcat/10.1.19]
2026-03-29T13:24:21.737+05:30  INFO 271053 --- [shopro-pos-server] [main] o.a.c.c.C.[Tomcat].[localhost].[/]       : Initializing Spring embedded WebApplicationContext
2026-03-29T13:24:21.737+05:30  INFO 271053 --- [shopro-pos-server] [main] w.s.c.ServletWebServerApplicationContext : Root WebApplicationContext: initialization completed in 2138 ms
2026-03-29T13:24:22.187+05:30  INFO 271053 --- [shopro-pos-server] [main] com.zaxxer.hikari.HikariDataSource       : HikariPool-1 - Starting...
2026-03-29T13:24:22.294+05:30  INFO 271053 --- [shopro-pos-server] [main] com.zaxxer.hikari.pool.HikariPool        : HikariPool-1 - Added connection org.postgresql.jdbc.PgConnection@38caad07
2026-03-29T13:24:22.295+05:30  INFO 271053 --- [shopro-pos-server] [main] com.zaxxer.hikari.HikariDataSource       : HikariPool-1 - Start completed.
2026-03-29T13:24:22.356+05:30  INFO 271053 --- [shopro-pos-server] [main] o.f.c.internal.license.VersionPrinter    : Flyway Community Edition 9.22.3 by Redgate
2026-03-29T13:24:22.356+05:30  INFO 271053 --- [shopro-pos-server] [main] o.f.c.internal.license.VersionPrinter    : See release notes here: https://rd.gt/416ObMi
2026-03-29T13:24:22.356+05:30  INFO 271053 --- [shopro-pos-server] [main] o.f.c.internal.license.VersionPrinter    : 
2026-03-29T13:24:22.369+05:30  INFO 271053 --- [shopro-pos-server] [main] org.flywaydb.core.FlywayExecutor         : Database: jdbc:postgresql://localhost:5432/shopro_pos (PostgreSQL 18.3)
2026-03-29T13:24:22.375+05:30  WARN 271053 --- [shopro-pos-server] [main] o.f.c.internal.database.base.Database    : Flyway upgrade recommended: PostgreSQL 18.3 is newer than this version of Flyway and support has not been tested. The latest supported version of PostgreSQL is 15.
2026-03-29T13:24:22.467+05:30  INFO 271053 --- [shopro-pos-server] [main] o.f.core.internal.command.DbMigrate      : Current version of schema "public": 85
2026-03-29T13:24:22.470+05:30  INFO 271053 --- [shopro-pos-server] [main] o.f.core.internal.command.DbMigrate      : Schema "public" is up to date. No migration necessary.
2026-03-29T13:24:22.596+05:30  INFO 271053 --- [shopro-pos-server] [main] o.hibernate.jpa.internal.util.LogHelper  : HHH000204: Processing PersistenceUnitInfo [name: default]
2026-03-29T13:24:22.638+05:30  INFO 271053 --- [shopro-pos-server] [main] org.hibernate.Version                    : HHH000412: Hibernate ORM core version 6.4.4.Final
2026-03-29T13:24:22.674+05:30  INFO 271053 --- [shopro-pos-server] [main] o.h.c.internal.RegionFactoryInitiator    : HHH000026: Second-level cache disabled
2026-03-29T13:24:22.852+05:30  INFO 271053 --- [shopro-pos-server] [main] o.s.o.j.p.SpringPersistenceUnitInfo      : No LoadTimeWeaver setup: ignoring JPA class transformer
2026-03-29T13:24:22.888+05:30  WARN 271053 --- [shopro-pos-server] [main] org.hibernate.orm.deprecation            : HHH90000025: PostgreSQLDialect does not need to be specified explicitly using 'hibernate.dialect' (remove the property setting and it will be selected by default)
2026-03-29T13:24:24.973+05:30  INFO 271053 --- [shopro-pos-server] [main] o.h.e.t.j.p.i.JtaPlatformInitiator       : HHH000489: No JTA platform available (set 'hibernate.transaction.jta.platform' to enable JTA platform integration)
2026-03-29T13:24:24.976+05:30  INFO 271053 --- [shopro-pos-server] [main] j.LocalContainerEntityManagerFactoryBean : Initialized JPA EntityManagerFactory for persistence unit 'default'
2026-03-29T13:24:25.537+05:30 DEBUG 271053 --- [shopro-pos-server] [main] .s.d.a.s.MarketplaceAuthenticationFilter : Filter 'marketplaceAuthenticationFilter' configured for use
2026-03-29T13:24:25.537+05:30 DEBUG 271053 --- [shopro-pos-server] [main] m.s.d.a.s.StaffAuthenticationFilter      : Filter 'staffAuthenticationFilter' configured for use
2026-03-29T13:24:25.539+05:30 DEBUG 271053 --- [shopro-pos-server] [main] m.s.dms.application.security.DPoPFilter  : Filter 'DPoPFilter' configured for use
2026-03-29T13:24:25.539+05:30 DEBUG 271053 --- [shopro-pos-server] [main] mls.sho.dms.fapi.FapiGatewayFilter       : Filter 'fapiGatewayFilter' configured for use
2026-03-29T13:24:25.540+05:30 DEBUG 271053 --- [shopro-pos-server] [main] mls.sho.dms.config.GlobalCorsFilter      : Filter 'globalCorsFilter' configured for use
2026-03-29T13:24:25.991+05:30  INFO 271053 --- [shopro-pos-server] [main] o.s.d.j.r.query.QueryEnhancerFactory     : Hibernate is in classpath; If applicable, HQL parser will be used.
2026-03-29T13:24:31.923+05:30  WARN 271053 --- [shopro-pos-server] [main] JpaBaseConfiguration$JpaWebConfiguration : spring.jpa.open-in-view is enabled by default. Therefore, database queries may be performed during view rendering. Explicitly configure spring.jpa.open-in-view to disable this warning
2026-03-29T13:24:32.879+05:30  WARN 271053 --- [shopro-pos-server] [main] ConfigServletWebServerApplicationContext : Exception encountered during context initialization - cancelling refresh attempt: org.springframework.beans.factory.BeanCreationException: Error creating bean with name 'authorizationServerSecurityFilterChain' defined in class path resource [mls/sho/dms/config/security/AuthorizationServerConfig.class]: Failed to instantiate [org.springframework.security.web.SecurityFilterChain]: Factory method 'authorizationServerSecurityFilterChain' threw exception with message: No qualifying bean of type 'org.springframework.security.oauth2.server.authorization.token.OAuth2TokenCustomizer<org.springframework.security.oauth2.server.authorization.token.JwtEncodingContext>' available: expected single matching bean but found 2: fapiGuestTokenCustomizer,tokenCustomizer
2026-03-29T13:24:32.892+05:30  INFO 271053 --- [shopro-pos-server] [main] j.LocalContainerEntityManagerFactoryBean : Closing JPA EntityManagerFactory for persistence unit 'default'
2026-03-29T13:24:32.894+05:30  INFO 271053 --- [shopro-pos-server] [main] com.zaxxer.hikari.HikariDataSource       : HikariPool-1 - Shutdown initiated...
2026-03-29T13:24:32.897+05:30  INFO 271053 --- [shopro-pos-server] [main] com.zaxxer.hikari.HikariDataSource       : HikariPool-1 - Shutdown completed.
2026-03-29T13:24:32.900+05:30  INFO 271053 --- [shopro-pos-server] [main] o.apache.catalina.core.StandardService   : Stopping service [Tomcat]
2026-03-29T13:24:32.924+05:30  INFO 271053 --- [shopro-pos-server] [main] .s.b.a.l.ConditionEvaluationReportLogger : 

Error starting ApplicationContext. To display the condition evaluation report re-run your application with 'debug' enabled.
2026-03-29T13:24:32.944+05:30 ERROR 271053 --- [shopro-pos-server] [main] o.s.b.d.LoggingFailureAnalysisReporter   : 

***************************
APPLICATION FAILED TO START
***************************

Description:

Method authorizationServerSecurityFilterChain in mls.sho.dms.config.security.AuthorizationServerConfig required a single bean, but 2 were found:
	- fapiGuestTokenCustomizer: defined in file [/home/arun/IdeaProjects/shopro-pos/shopro-sabz-server/build/classes/java/main/mls/sho/dms/config/security/FapiGuestTokenCustomizer.class]
	- tokenCustomizer: defined by method 'tokenCustomizer' in class path resource [mls/sho/dms/config/security/AuthorizationServerConfig.class]

This may be due to missing parameter name information

Action:

Consider marking one of the beans as @Primary, updating the consumer to accept multiple beans, or using @Qualifier to identify the bean that should be consumed

Ensure that your compiler is configured to use the '-parameters' flag.
You may need to update both your build tool settings as well as your IDE.
(See https://github.com/spring-projects/spring-framework/wiki/Upgrading-to-Spring-Framework-6.x#parameter-name-retention)


2026-03-29T13:27:15.743+05:30  INFO 271665 --- [shopro-pos-server] [main] mls.sho.dms.ShoproPosServerApplication   : Starting ShoproPosServerApplication using Java 21.0.9 with PID 271665 (/home/arun/IdeaProjects/shopro-pos/shopro-sabz-server/build/classes/java/main started by arun in /home/arun/IdeaProjects/shopro-pos/shopro-sabz-server)
2026-03-29T13:27:15.745+05:30 DEBUG 271665 --- [shopro-pos-server] [main] mls.sho.dms.ShoproPosServerApplication   : Running with Spring Boot v3.2.3, Spring v6.1.4
2026-03-29T13:27:15.747+05:30  INFO 271665 --- [shopro-pos-server] [main] mls.sho.dms.ShoproPosServerApplication   : No active profile set, falling back to 1 default profile: "default"
2026-03-29T13:27:17.073+05:30  INFO 271665 --- [shopro-pos-server] [main] .s.d.r.c.RepositoryConfigurationDelegate : Bootstrapping Spring Data JPA repositories in DEFAULT mode.
2026-03-29T13:27:17.383+05:30  INFO 271665 --- [shopro-pos-server] [main] .s.d.r.c.RepositoryConfigurationDelegate : Finished Spring Data repository scanning in 301 ms. Found 90 JPA repository interfaces.
2026-03-29T13:27:18.382+05:30  INFO 271665 --- [shopro-pos-server] [main] o.s.b.w.embedded.tomcat.TomcatWebServer  : Tomcat initialized with port 8080 (http)
2026-03-29T13:27:18.399+05:30  INFO 271665 --- [shopro-pos-server] [main] o.apache.catalina.core.StandardService   : Starting service [Tomcat]
2026-03-29T13:27:18.399+05:30  INFO 271665 --- [shopro-pos-server] [main] o.apache.catalina.core.StandardEngine    : Starting Servlet engine: [Apache Tomcat/10.1.19]
2026-03-29T13:27:18.458+05:30  INFO 271665 --- [shopro-pos-server] [main] o.a.c.c.C.[Tomcat].[localhost].[/]       : Initializing Spring embedded WebApplicationContext
2026-03-29T13:27:18.458+05:30  INFO 271665 --- [shopro-pos-server] [main] w.s.c.ServletWebServerApplicationContext : Root WebApplicationContext: initialization completed in 2661 ms
2026-03-29T13:27:19.033+05:30  INFO 271665 --- [shopro-pos-server] [main] com.zaxxer.hikari.HikariDataSource       : HikariPool-1 - Starting...
2026-03-29T13:27:19.194+05:30  INFO 271665 --- [shopro-pos-server] [main] com.zaxxer.hikari.pool.HikariPool        : HikariPool-1 - Added connection org.postgresql.jdbc.PgConnection@215a329c
2026-03-29T13:27:19.195+05:30  INFO 271665 --- [shopro-pos-server] [main] com.zaxxer.hikari.HikariDataSource       : HikariPool-1 - Start completed.
2026-03-29T13:27:19.269+05:30  INFO 271665 --- [shopro-pos-server] [main] o.f.c.internal.license.VersionPrinter    : Flyway Community Edition 9.22.3 by Redgate
2026-03-29T13:27:19.269+05:30  INFO 271665 --- [shopro-pos-server] [main] o.f.c.internal.license.VersionPrinter    : See release notes here: https://rd.gt/416ObMi
2026-03-29T13:27:19.269+05:30  INFO 271665 --- [shopro-pos-server] [main] o.f.c.internal.license.VersionPrinter    : 
2026-03-29T13:27:19.289+05:30  INFO 271665 --- [shopro-pos-server] [main] org.flywaydb.core.FlywayExecutor         : Database: jdbc:postgresql://localhost:5432/shopro_pos (PostgreSQL 18.3)
2026-03-29T13:27:19.295+05:30  WARN 271665 --- [shopro-pos-server] [main] o.f.c.internal.database.base.Database    : Flyway upgrade recommended: PostgreSQL 18.3 is newer than this version of Flyway and support has not been tested. The latest supported version of PostgreSQL is 15.
2026-03-29T13:27:19.414+05:30  INFO 271665 --- [shopro-pos-server] [main] o.f.core.internal.command.DbMigrate      : Current version of schema "public": 85
2026-03-29T13:27:19.418+05:30  INFO 271665 --- [shopro-pos-server] [main] o.f.core.internal.command.DbMigrate      : Schema "public" is up to date. No migration necessary.
2026-03-29T13:27:19.561+05:30  INFO 271665 --- [shopro-pos-server] [main] o.hibernate.jpa.internal.util.LogHelper  : HHH000204: Processing PersistenceUnitInfo [name: default]
2026-03-29T13:27:19.619+05:30  INFO 271665 --- [shopro-pos-server] [main] org.hibernate.Version                    : HHH000412: Hibernate ORM core version 6.4.4.Final
2026-03-29T13:27:19.658+05:30  INFO 271665 --- [shopro-pos-server] [main] o.h.c.internal.RegionFactoryInitiator    : HHH000026: Second-level cache disabled
2026-03-29T13:27:19.914+05:30  INFO 271665 --- [shopro-pos-server] [main] o.s.o.j.p.SpringPersistenceUnitInfo      : No LoadTimeWeaver setup: ignoring JPA class transformer
2026-03-29T13:27:19.960+05:30  WARN 271665 --- [shopro-pos-server] [main] org.hibernate.orm.deprecation            : HHH90000025: PostgreSQLDialect does not need to be specified explicitly using 'hibernate.dialect' (remove the property setting and it will be selected by default)
2026-03-29T13:27:22.184+05:30  INFO 271665 --- [shopro-pos-server] [main] o.h.e.t.j.p.i.JtaPlatformInitiator       : HHH000489: No JTA platform available (set 'hibernate.transaction.jta.platform' to enable JTA platform integration)
2026-03-29T13:27:22.189+05:30  INFO 271665 --- [shopro-pos-server] [main] j.LocalContainerEntityManagerFactoryBean : Initialized JPA EntityManagerFactory for persistence unit 'default'
2026-03-29T13:27:22.813+05:30 DEBUG 271665 --- [shopro-pos-server] [main] .s.d.a.s.MarketplaceAuthenticationFilter : Filter 'marketplaceAuthenticationFilter' configured for use
2026-03-29T13:27:22.813+05:30 DEBUG 271665 --- [shopro-pos-server] [main] m.s.d.a.s.StaffAuthenticationFilter      : Filter 'staffAuthenticationFilter' configured for use
2026-03-29T13:27:22.814+05:30 DEBUG 271665 --- [shopro-pos-server] [main] m.s.dms.application.security.DPoPFilter  : Filter 'DPoPFilter' configured for use
2026-03-29T13:27:22.815+05:30 DEBUG 271665 --- [shopro-pos-server] [main] mls.sho.dms.fapi.FapiGatewayFilter       : Filter 'fapiGatewayFilter' configured for use
2026-03-29T13:27:22.815+05:30 DEBUG 271665 --- [shopro-pos-server] [main] mls.sho.dms.config.GlobalCorsFilter      : Filter 'globalCorsFilter' configured for use
2026-03-29T13:27:23.367+05:30  INFO 271665 --- [shopro-pos-server] [main] o.s.d.j.r.query.QueryEnhancerFactory     : Hibernate is in classpath; If applicable, HQL parser will be used.
2026-03-29T13:27:28.686+05:30  WARN 271665 --- [shopro-pos-server] [main] JpaBaseConfiguration$JpaWebConfiguration : spring.jpa.open-in-view is enabled by default. Therefore, database queries may be performed during view rendering. Explicitly configure spring.jpa.open-in-view to disable this warning
2026-03-29T13:27:30.413+05:30  INFO 271665 --- [shopro-pos-server] [main] o.s.b.a.e.web.EndpointLinksResolver      : Exposing 1 endpoint(s) beneath base path '/actuator'
2026-03-29T13:27:30.539+05:30  INFO 271665 --- [shopro-pos-server] [main] o.s.s.web.DefaultSecurityFilterChain     : Will secure org.springframework.security.oauth2.server.authorization.config.annotation.web.configurers.OAuth2AuthorizationServerConfigurer$$Lambda/0x00007f09d4cef708@4a0e0211 with [org.springframework.security.web.session.DisableEncodeUrlFilter@2b8958d1, org.springframework.security.web.context.request.async.WebAsyncManagerIntegrationFilter@1ab2c934, org.springframework.security.web.context.SecurityContextHolderFilter@136dc72d, org.springframework.security.oauth2.server.authorization.config.annotation.web.configurers.AuthorizationServerContextFilter@17a40c7a, org.springframework.security.web.header.HeaderWriterFilter@26a12fcf, org.springframework.web.filter.CorsFilter@58ee2ea6, org.springframework.security.web.csrf.CsrfFilter@657225a3, org.springframework.security.oauth2.server.authorization.oidc.web.OidcLogoutEndpointFilter@692e638f, org.springframework.security.web.authentication.logout.LogoutFilter@72d699a9, org.springframework.security.oauth2.server.authorization.web.OAuth2AuthorizationServerMetadataEndpointFilter@7ef1371b, org.springframework.security.oauth2.server.authorization.web.OAuth2AuthorizationEndpointFilter@cd7120c, org.springframework.security.oauth2.server.authorization.web.OAuth2DeviceVerificationEndpointFilter@61852166, org.springframework.security.oauth2.server.authorization.oidc.web.OidcProviderConfigurationEndpointFilter@313cd0c, org.springframework.security.oauth2.server.authorization.web.NimbusJwkSetEndpointFilter@6666de68, org.springframework.security.oauth2.server.authorization.web.OAuth2ClientAuthenticationFilter@104e2c55, org.springframework.security.web.savedrequest.RequestCacheAwareFilter@235f7a92, org.springframework.security.web.servletapi.SecurityContextHolderAwareRequestFilter@6098b882, org.springframework.security.web.authentication.AnonymousAuthenticationFilter@62cab120, org.springframework.security.web.access.ExceptionTranslationFilter@3fb3ff86, org.springframework.security.web.access.intercept.AuthorizationFilter@47713b2b, org.springframework.security.oauth2.server.authorization.web.OAuth2TokenEndpointFilter@7b1e214a, org.springframework.security.oauth2.server.authorization.web.OAuth2TokenIntrospectionEndpointFilter@7d3b22f8, org.springframework.security.oauth2.server.authorization.web.OAuth2TokenRevocationEndpointFilter@41920141, org.springframework.security.oauth2.server.authorization.web.OAuth2DeviceAuthorizationEndpointFilter@6f2cbcbe, org.springframework.security.oauth2.server.authorization.oidc.web.OidcUserInfoEndpointFilter@46232072]
2026-03-29T13:27:30.591+05:30  INFO 271665 --- [shopro-pos-server] [main] o.s.s.w.a.c.ChannelProcessingFilter      : Validated configuration attributes
2026-03-29T13:27:30.594+05:30  INFO 271665 --- [shopro-pos-server] [main] o.s.s.web.DefaultSecurityFilterChain     : Will secure any request with [org.springframework.security.web.session.DisableEncodeUrlFilter@3e19b9d9, org.springframework.security.web.access.channel.ChannelProcessingFilter@5f880107, org.springframework.security.web.context.request.async.WebAsyncManagerIntegrationFilter@3589bda0, org.springframework.security.web.context.SecurityContextHolderFilter@4890c9b0, org.springframework.security.web.header.HeaderWriterFilter@29edafb8, org.springframework.web.filter.CorsFilter@77c16f87, org.springframework.security.web.authentication.logout.LogoutFilter@293c110a, mls.sho.dms.fapi.FapiGatewayFilter@769e025c, org.springframework.security.web.savedrequest.RequestCacheAwareFilter@57a80a9e, org.springframework.security.web.servletapi.SecurityContextHolderAwareRequestFilter@70185e95, org.springframework.security.web.authentication.AnonymousAuthenticationFilter@57bbc4a9, org.springframework.security.web.session.SessionManagementFilter@ca94ce0, org.springframework.security.web.access.ExceptionTranslationFilter@8f4cb26, org.springframework.security.web.access.intercept.AuthorizationFilter@4af0b765]
2026-03-29T13:27:31.378+05:30  INFO 271665 --- [shopro-pos-server] [main] o.s.b.w.embedded.tomcat.TomcatWebServer  : Tomcat started on port 8080 (http) with context path ''
2026-03-29T13:27:31.379+05:30 DEBUG 271665 --- [shopro-pos-server] [main] o.s.m.s.ExecutorSubscribableChannel      : clientOutboundChannel added SubProtocolWebSocketHandler[StompSubProtocolHandler[v10.stomp, v11.stomp, v12.stomp]]
2026-03-29T13:27:31.380+05:30 DEBUG 271665 --- [shopro-pos-server] [main] o.s.m.s.ExecutorSubscribableChannel      : clientInboundChannel added WebSocketAnnotationMethodMessageHandler[prefixes=[/app/]]
2026-03-29T13:27:31.380+05:30  INFO 271665 --- [shopro-pos-server] [main] o.s.m.s.b.SimpleBrokerMessageHandler     : Starting...
2026-03-29T13:27:31.381+05:30 DEBUG 271665 --- [shopro-pos-server] [main] o.s.m.s.ExecutorSubscribableChannel      : clientInboundChannel added SimpleBrokerMessageHandler [org.springframework.messaging.simp.broker.DefaultSubscriptionRegistry@79b4468e]
2026-03-29T13:27:31.381+05:30 DEBUG 271665 --- [shopro-pos-server] [main] o.s.m.s.ExecutorSubscribableChannel      : brokerChannel added SimpleBrokerMessageHandler [org.springframework.messaging.simp.broker.DefaultSubscriptionRegistry@79b4468e]
2026-03-29T13:27:31.381+05:30  INFO 271665 --- [shopro-pos-server] [main] o.s.m.s.b.SimpleBrokerMessageHandler     : BrokerAvailabilityEvent[available=true, SimpleBrokerMessageHandler [org.springframework.messaging.simp.broker.DefaultSubscriptionRegistry@79b4468e]]
2026-03-29T13:27:31.382+05:30  INFO 271665 --- [shopro-pos-server] [main] o.s.m.s.b.SimpleBrokerMessageHandler     : Started.
2026-03-29T13:27:31.382+05:30 DEBUG 271665 --- [shopro-pos-server] [main] o.s.m.s.ExecutorSubscribableChannel      : clientInboundChannel added UserDestinationMessageHandler[DefaultUserDestinationResolver[prefix=/user/]]
2026-03-29T13:27:31.382+05:30 DEBUG 271665 --- [shopro-pos-server] [main] o.s.m.s.ExecutorSubscribableChannel      : brokerChannel added UserDestinationMessageHandler[DefaultUserDestinationResolver[prefix=/user/]]
2026-03-29T13:27:31.402+05:30  INFO 271665 --- [shopro-pos-server] [main] mls.sho.dms.ShoproPosServerApplication   : Started ShoproPosServerApplication in 16.206 seconds (process running for 16.558)
2026-03-29T13:27:31.409+05:30 DEBUG 271665 --- [shopro-pos-server] [MessageBroker-2] .s.d.a.s.i.j.BidAcknowledgmentTimeoutJob : Running Bid Acknowledgment Timeout Job...
2026-03-29T13:27:31.410+05:30 DEBUG 271665 --- [shopro-pos-server] [MessageBroker-4] m.s.d.a.s.i.job.PurchaseOrderTimeoutJob  : Running Purchase Order Timeout Job...
2026-03-29T13:27:31.410+05:30 DEBUG 271665 --- [shopro-pos-server] [MessageBroker-5] m.sho.dms.service.edp.EdpCatchupService  : [EDP-CATCHUP] Running consumer health check...
2026-03-29T13:27:31.411+05:30  INFO 271665 --- [shopro-pos-server] [MessageBroker-1] m.s.d.a.s.inventory.job.BidScoringJob    : Starting bid scoring job...
2026-03-29T13:27:31.411+05:30  INFO 271665 --- [shopro-pos-server] [MessageBroker-3] m.s.d.a.s.i.job.StockThresholdJob        : Starting stock threshold evaluation job...
2026-03-29T13:27:31.597+05:30  INFO 271665 --- [shopro-pos-server] [MessageBroker-3] m.s.d.a.s.c.impl.NotificationEngineImpl  : Expanding recipient group ROLE_MANAGER to roles: [OWNER, MANAGER, GENERAL_MANAGER]
2026-03-29T13:27:31.614+05:30 DEBUG 271665 --- [shopro-pos-server] [MessageBroker-3] m.s.d.a.s.c.impl.NotificationEngineImpl  : Found 1 members for role OWNER
2026-03-29T13:27:31.662+05:30 DEBUG 271665 --- [shopro-pos-server] [MessageBroker-3] m.s.d.a.s.c.impl.NotificationEngineImpl  : Found 0 members for role MANAGER
2026-03-29T13:27:31.669+05:30 DEBUG 271665 --- [shopro-pos-server] [MessageBroker-3] m.s.d.a.s.c.impl.NotificationEngineImpl  : Found 1 members for role GENERAL_MANAGER
2026-03-29T13:27:31.675+05:30  INFO 271665 --- [shopro-pos-server] [MessageBroker-3] m.s.d.a.s.i.job.StockThresholdJob        : Stock threshold evaluation complete. Dispatched 1 alerts.
2026-03-29T13:28:01.478+05:30 DEBUG 271665 --- [shopro-pos-server] [MessageBroker-5] m.sho.dms.service.edp.EdpCatchupService  : [EDP-CATCHUP] Running consumer health check...
2026-03-29T13:28:31.358+05:30  INFO 271665 --- [shopro-pos-server] [MessageBroker-8] o.s.w.s.c.WebSocketMessageBrokerStats    : WebSocketSession[0 current WS(0)-HttpStream(0)-HttpPoll(0), 0 total, 0 closed abnormally (0 connect failure, 0 send limit, 0 transport error)], stompSubProtocol[processed CONNECT(0)-CONNECTED(0)-DISCONNECT(0)], stompBrokerRelay[null], inboundChannel[pool size = 0, active threads = 0, queued tasks = 0, completed tasks = 0], outboundChannel[pool size = 0, active threads = 0, queued tasks = 0, completed tasks = 0], sockJsScheduler[pool size = 8, active threads = 1, queued tasks = 9, completed tasks = 7]
2026-03-29T13:28:31.400+05:30  INFO 271665 --- [shopro-pos-server] [MessageBroker-2] m.s.d.a.s.inventory.job.BidScoringJob    : Starting bid scoring job...
2026-03-29T13:28:31.499+05:30 DEBUG 271665 --- [shopro-pos-server] [MessageBroker-4] m.sho.dms.service.edp.EdpCatchupService  : [EDP-CATCHUP] Running consumer health check...
2026-03-29T13:29:01.506+05:30 DEBUG 271665 --- [shopro-pos-server] [MessageBroker-4] m.sho.dms.service.edp.EdpCatchupService  : [EDP-CATCHUP] Running consumer health check...
2026-03-29T13:29:31.401+05:30  INFO 271665 --- [shopro-pos-server] [MessageBroker-1] m.s.d.a.s.inventory.job.BidScoringJob    : Starting bid scoring job...
2026-03-29T13:29:31.515+05:30 DEBUG 271665 --- [shopro-pos-server] [MessageBroker-6] m.sho.dms.service.edp.EdpCatchupService  : [EDP-CATCHUP] Running consumer health check...
2026-03-29T13:29:44.695+05:30  INFO 271665 --- [shopro-pos-server] [http-nio-8080-exec-1] o.apache.coyote.http11.Http11Processor   : Error parsing HTTP request header
 Note: further occurrences of HTTP request parsing errors will be logged at DEBUG level.

java.lang.IllegalArgumentException: Invalid character found in method name [0x160x030x010x060xd80x010x000x060xd40x030x03p0xbb0x0a5X0xd90xbeR0xc80xf50xcc0xac0x850x820xdc0xd40xa70xd30xffL0x06g0x80_0x83c70x010xd0>0xaf> ]. HTTP method names must be tokens
	at org.apache.coyote.http11.Http11InputBuffer.parseRequestLine(Http11InputBuffer.java:407)
	at org.apache.coyote.http11.Http11Processor.service(Http11Processor.java:264)
	at org.apache.coyote.AbstractProcessorLight.process(AbstractProcessorLight.java:63)
	at org.apache.coyote.AbstractProtocol$ConnectionHandler.process(AbstractProtocol.java:896)
	at org.apache.tomcat.util.net.NioEndpoint$SocketProcessor.doRun(NioEndpoint.java:1744)
	at org.apache.tomcat.util.net.SocketProcessorBase.run(SocketProcessorBase.java:52)
	at org.apache.tomcat.util.threads.ThreadPoolExecutor.runWorker(ThreadPoolExecutor.java:1191)
	at org.apache.tomcat.util.threads.ThreadPoolExecutor$Worker.run(ThreadPoolExecutor.java:659)
	at org.apache.tomcat.util.threads.TaskThread$WrappingRunnable.run(TaskThread.java:63)
	at java.base/java.lang.Thread.run(Thread.java:1583)

2026-03-29T13:30:01.534+05:30 DEBUG 271665 --- [shopro-pos-server] [MessageBroker-6] m.sho.dms.service.edp.EdpCatchupService  : [EDP-CATCHUP] Running consumer health check...
2026-03-29T13:30:31.401+05:30  INFO 271665 --- [shopro-pos-server] [MessageBroker-2] m.s.d.a.s.inventory.job.BidScoringJob    : Starting bid scoring job...
2026-03-29T13:30:31.548+05:30 DEBUG 271665 --- [shopro-pos-server] [MessageBroker-5] m.sho.dms.service.edp.EdpCatchupService  : [EDP-CATCHUP] Running consumer health check...
2026-03-29T13:31:01.564+05:30 DEBUG 271665 --- [shopro-pos-server] [MessageBroker-5] m.sho.dms.service.edp.EdpCatchupService  : [EDP-CATCHUP] Running consumer health check...
2026-03-29T13:31:31.401+05:30  INFO 271665 --- [shopro-pos-server] [MessageBroker-1] m.s.d.a.s.inventory.job.BidScoringJob    : Starting bid scoring job...
2026-03-29T13:31:31.574+05:30 DEBUG 271665 --- [shopro-pos-server] [MessageBroker-4] m.sho.dms.service.edp.EdpCatchupService  : [EDP-CATCHUP] Running consumer health check...
2026-03-29T13:38:33.216+05:30  INFO 274802 --- [shopro-pos-server] [main] mls.sho.dms.ShoproPosServerApplication   : Starting ShoproPosServerApplication using Java 21.0.9 with PID 274802 (/home/arun/IdeaProjects/shopro-pos/shopro-sabz-server/build/classes/java/main started by arun in /home/arun/IdeaProjects/shopro-pos/shopro-sabz-server)
2026-03-29T13:38:33.217+05:30 DEBUG 274802 --- [shopro-pos-server] [main] mls.sho.dms.ShoproPosServerApplication   : Running with Spring Boot v3.2.3, Spring v6.1.4
2026-03-29T13:38:33.218+05:30  INFO 274802 --- [shopro-pos-server] [main] mls.sho.dms.ShoproPosServerApplication   : No active profile set, falling back to 1 default profile: "default"
2026-03-29T13:38:34.369+05:30  INFO 274802 --- [shopro-pos-server] [main] .s.d.r.c.RepositoryConfigurationDelegate : Bootstrapping Spring Data JPA repositories in DEFAULT mode.
2026-03-29T13:38:34.617+05:30  INFO 274802 --- [shopro-pos-server] [main] .s.d.r.c.RepositoryConfigurationDelegate : Finished Spring Data repository scanning in 239 ms. Found 90 JPA repository interfaces.
2026-03-29T13:38:35.464+05:30  INFO 274802 --- [shopro-pos-server] [main] o.s.b.w.embedded.tomcat.TomcatWebServer  : Tomcat initialized with port 8080 (http)
2026-03-29T13:38:35.476+05:30  INFO 274802 --- [shopro-pos-server] [main] o.apache.catalina.core.StandardService   : Starting service [Tomcat]
2026-03-29T13:38:35.477+05:30  INFO 274802 --- [shopro-pos-server] [main] o.apache.catalina.core.StandardEngine    : Starting Servlet engine: [Apache Tomcat/10.1.19]
2026-03-29T13:38:35.533+05:30  INFO 274802 --- [shopro-pos-server] [main] o.a.c.c.C.[Tomcat].[localhost].[/]       : Initializing Spring embedded WebApplicationContext
2026-03-29T13:38:35.533+05:30  INFO 274802 --- [shopro-pos-server] [main] w.s.c.ServletWebServerApplicationContext : Root WebApplicationContext: initialization completed in 2268 ms
2026-03-29T13:38:36.040+05:30  INFO 274802 --- [shopro-pos-server] [main] com.zaxxer.hikari.HikariDataSource       : HikariPool-1 - Starting...
2026-03-29T13:38:36.167+05:30  INFO 274802 --- [shopro-pos-server] [main] com.zaxxer.hikari.pool.HikariPool        : HikariPool-1 - Added connection org.postgresql.jdbc.PgConnection@21c5c68a
2026-03-29T13:38:36.169+05:30  INFO 274802 --- [shopro-pos-server] [main] com.zaxxer.hikari.HikariDataSource       : HikariPool-1 - Start completed.
2026-03-29T13:38:36.246+05:30  INFO 274802 --- [shopro-pos-server] [main] o.f.c.internal.license.VersionPrinter    : Flyway Community Edition 9.22.3 by Redgate
2026-03-29T13:38:36.246+05:30  INFO 274802 --- [shopro-pos-server] [main] o.f.c.internal.license.VersionPrinter    : See release notes here: https://rd.gt/416ObMi
2026-03-29T13:38:36.246+05:30  INFO 274802 --- [shopro-pos-server] [main] o.f.c.internal.license.VersionPrinter    : 
2026-03-29T13:38:36.260+05:30  INFO 274802 --- [shopro-pos-server] [main] org.flywaydb.core.FlywayExecutor         : Database: jdbc:postgresql://localhost:5432/shopro_pos (PostgreSQL 18.3)
2026-03-29T13:38:36.265+05:30  WARN 274802 --- [shopro-pos-server] [main] o.f.c.internal.database.base.Database    : Flyway upgrade recommended: PostgreSQL 18.3 is newer than this version of Flyway and support has not been tested. The latest supported version of PostgreSQL is 15.
2026-03-29T13:38:36.355+05:30  INFO 274802 --- [shopro-pos-server] [main] o.f.core.internal.command.DbMigrate      : Current version of schema "public": 85
2026-03-29T13:38:36.358+05:30  INFO 274802 --- [shopro-pos-server] [main] o.f.core.internal.command.DbMigrate      : Schema "public" is up to date. No migration necessary.
2026-03-29T13:38:36.503+05:30  INFO 274802 --- [shopro-pos-server] [main] o.hibernate.jpa.internal.util.LogHelper  : HHH000204: Processing PersistenceUnitInfo [name: default]
2026-03-29T13:38:36.559+05:30  INFO 274802 --- [shopro-pos-server] [main] org.hibernate.Version                    : HHH000412: Hibernate ORM core version 6.4.4.Final
2026-03-29T13:38:36.591+05:30  INFO 274802 --- [shopro-pos-server] [main] o.h.c.internal.RegionFactoryInitiator    : HHH000026: Second-level cache disabled
2026-03-29T13:38:36.821+05:30  INFO 274802 --- [shopro-pos-server] [main] o.s.o.j.p.SpringPersistenceUnitInfo      : No LoadTimeWeaver setup: ignoring JPA class transformer
2026-03-29T13:38:36.869+05:30  WARN 274802 --- [shopro-pos-server] [main] org.hibernate.orm.deprecation            : HHH90000025: PostgreSQLDialect does not need to be specified explicitly using 'hibernate.dialect' (remove the property setting and it will be selected by default)
2026-03-29T13:38:38.929+05:30  INFO 274802 --- [shopro-pos-server] [main] o.h.e.t.j.p.i.JtaPlatformInitiator       : HHH000489: No JTA platform available (set 'hibernate.transaction.jta.platform' to enable JTA platform integration)
2026-03-29T13:38:38.933+05:30  INFO 274802 --- [shopro-pos-server] [main] j.LocalContainerEntityManagerFactoryBean : Initialized JPA EntityManagerFactory for persistence unit 'default'
2026-03-29T13:38:39.445+05:30 DEBUG 274802 --- [shopro-pos-server] [main] .s.d.a.s.MarketplaceAuthenticationFilter : Filter 'marketplaceAuthenticationFilter' configured for use
2026-03-29T13:38:39.445+05:30 DEBUG 274802 --- [shopro-pos-server] [main] m.s.d.a.s.StaffAuthenticationFilter      : Filter 'staffAuthenticationFilter' configured for use
2026-03-29T13:38:39.447+05:30 DEBUG 274802 --- [shopro-pos-server] [main] m.s.dms.application.security.DPoPFilter  : Filter 'DPoPFilter' configured for use
2026-03-29T13:38:39.447+05:30 DEBUG 274802 --- [shopro-pos-server] [main] mls.sho.dms.fapi.FapiGatewayFilter       : Filter 'fapiGatewayFilter' configured for use
2026-03-29T13:38:39.447+05:30 DEBUG 274802 --- [shopro-pos-server] [main] mls.sho.dms.config.GlobalCorsFilter      : Filter 'globalCorsFilter' configured for use
2026-03-29T13:38:39.987+05:30  INFO 274802 --- [shopro-pos-server] [main] o.s.d.j.r.query.QueryEnhancerFactory     : Hibernate is in classpath; If applicable, HQL parser will be used.
2026-03-29T13:38:46.412+05:30  WARN 274802 --- [shopro-pos-server] [main] JpaBaseConfiguration$JpaWebConfiguration : spring.jpa.open-in-view is enabled by default. Therefore, database queries may be performed during view rendering. Explicitly configure spring.jpa.open-in-view to disable this warning
2026-03-29T13:38:50.167+05:30  INFO 274802 --- [shopro-pos-server] [main] o.s.b.a.e.web.EndpointLinksResolver      : Exposing 1 endpoint(s) beneath base path '/actuator'
2026-03-29T13:38:50.278+05:30  INFO 274802 --- [shopro-pos-server] [main] o.s.s.web.DefaultSecurityFilterChain     : Will secure org.springframework.security.oauth2.server.authorization.config.annotation.web.configurers.OAuth2AuthorizationServerConfigurer$$Lambda/0x00007f0b38cee150@6a234ca5 with [org.springframework.security.web.session.DisableEncodeUrlFilter@6b45f69c, org.springframework.security.web.context.request.async.WebAsyncManagerIntegrationFilter@cfe9f44, org.springframework.security.web.context.SecurityContextHolderFilter@657225a3, org.springframework.security.oauth2.server.authorization.config.annotation.web.configurers.AuthorizationServerContextFilter@47a5ada6, org.springframework.security.web.header.HeaderWriterFilter@3a36d145, org.springframework.web.filter.CorsFilter@3b0e857d, org.springframework.security.web.csrf.CsrfFilter@241b26c, org.springframework.security.oauth2.server.authorization.oidc.web.OidcLogoutEndpointFilter@566879a2, org.springframework.security.web.authentication.logout.LogoutFilter@235f7a92, org.springframework.security.oauth2.server.authorization.web.OAuth2AuthorizationServerMetadataEndpointFilter@394f2e02, org.springframework.security.oauth2.server.authorization.web.OAuth2AuthorizationEndpointFilter@3af4d49d, org.springframework.security.oauth2.server.authorization.web.OAuth2DeviceVerificationEndpointFilter@6f2cbcbe, org.springframework.security.oauth2.server.authorization.oidc.web.OidcProviderConfigurationEndpointFilter@4a1c5782, org.springframework.security.oauth2.server.authorization.web.NimbusJwkSetEndpointFilter@287aa013, org.springframework.security.oauth2.server.authorization.web.OAuth2ClientAuthenticationFilter@2ce98152, org.springframework.security.web.savedrequest.RequestCacheAwareFilter@26a2471f, org.springframework.security.web.servletapi.SecurityContextHolderAwareRequestFilter@10124edb, org.springframework.security.web.authentication.AnonymousAuthenticationFilter@4bb8a0dd, org.springframework.security.web.access.ExceptionTranslationFilter@750f8631, org.springframework.security.web.access.intercept.AuthorizationFilter@61ca6009, org.springframework.security.oauth2.server.authorization.web.OAuth2TokenEndpointFilter@7c0cc5d1, org.springframework.security.oauth2.server.authorization.web.OAuth2TokenIntrospectionEndpointFilter@3ff6e486, org.springframework.security.oauth2.server.authorization.web.OAuth2TokenRevocationEndpointFilter@4d9953b1, org.springframework.security.oauth2.server.authorization.web.OAuth2DeviceAuthorizationEndpointFilter@14ea123e, org.springframework.security.oauth2.server.authorization.oidc.web.OidcUserInfoEndpointFilter@61346966]
2026-03-29T13:38:50.324+05:30  INFO 274802 --- [shopro-pos-server] [main] o.s.s.w.a.c.ChannelProcessingFilter      : Validated configuration attributes
2026-03-29T13:38:50.327+05:30  INFO 274802 --- [shopro-pos-server] [main] o.s.s.web.DefaultSecurityFilterChain     : Will secure any request with [org.springframework.security.web.session.DisableEncodeUrlFilter@1678dda4, org.springframework.security.web.access.channel.ChannelProcessingFilter@717fe18a, org.springframework.security.web.context.request.async.WebAsyncManagerIntegrationFilter@2cfc616, org.springframework.security.web.context.SecurityContextHolderFilter@11fd0e81, org.springframework.security.web.header.HeaderWriterFilter@5fbe4ad3, org.springframework.web.filter.CorsFilter@6bb0090, org.springframework.security.web.authentication.logout.LogoutFilter@208350a7, mls.sho.dms.fapi.FapiGatewayFilter@769e025c, org.springframework.security.web.savedrequest.RequestCacheAwareFilter@71045a81, org.springframework.security.web.servletapi.SecurityContextHolderAwareRequestFilter@7aee3236, org.springframework.security.web.authentication.AnonymousAuthenticationFilter@6258284a, org.springframework.security.web.session.SessionManagementFilter@5334cf3f, org.springframework.security.web.access.ExceptionTranslationFilter@32c65747, org.springframework.security.web.access.intercept.AuthorizationFilter@19931489]
2026-03-29T13:38:51.034+05:30  INFO 274802 --- [shopro-pos-server] [main] o.s.b.w.embedded.tomcat.TomcatWebServer  : Tomcat started on port 8080 (http) with context path ''
2026-03-29T13:38:51.036+05:30 DEBUG 274802 --- [shopro-pos-server] [main] o.s.m.s.ExecutorSubscribableChannel      : clientOutboundChannel added SubProtocolWebSocketHandler[StompSubProtocolHandler[v10.stomp, v11.stomp, v12.stomp]]
2026-03-29T13:38:51.037+05:30 DEBUG 274802 --- [shopro-pos-server] [main] o.s.m.s.ExecutorSubscribableChannel      : clientInboundChannel added WebSocketAnnotationMethodMessageHandler[prefixes=[/app/]]
2026-03-29T13:38:51.037+05:30  INFO 274802 --- [shopro-pos-server] [main] o.s.m.s.b.SimpleBrokerMessageHandler     : Starting...
2026-03-29T13:38:51.038+05:30 DEBUG 274802 --- [shopro-pos-server] [main] o.s.m.s.ExecutorSubscribableChannel      : clientInboundChannel added SimpleBrokerMessageHandler [org.springframework.messaging.simp.broker.DefaultSubscriptionRegistry@4b761a13]
2026-03-29T13:38:51.038+05:30 DEBUG 274802 --- [shopro-pos-server] [main] o.s.m.s.ExecutorSubscribableChannel      : brokerChannel added SimpleBrokerMessageHandler [org.springframework.messaging.simp.broker.DefaultSubscriptionRegistry@4b761a13]
2026-03-29T13:38:51.039+05:30  INFO 274802 --- [shopro-pos-server] [main] o.s.m.s.b.SimpleBrokerMessageHandler     : BrokerAvailabilityEvent[available=true, SimpleBrokerMessageHandler [org.springframework.messaging.simp.broker.DefaultSubscriptionRegistry@4b761a13]]
2026-03-29T13:38:51.039+05:30  INFO 274802 --- [shopro-pos-server] [main] o.s.m.s.b.SimpleBrokerMessageHandler     : Started.
2026-03-29T13:38:51.039+05:30 DEBUG 274802 --- [shopro-pos-server] [main] o.s.m.s.ExecutorSubscribableChannel      : clientInboundChannel added UserDestinationMessageHandler[DefaultUserDestinationResolver[prefix=/user/]]
2026-03-29T13:38:51.039+05:30 DEBUG 274802 --- [shopro-pos-server] [main] o.s.m.s.ExecutorSubscribableChannel      : brokerChannel added UserDestinationMessageHandler[DefaultUserDestinationResolver[prefix=/user/]]
2026-03-29T13:38:51.062+05:30  INFO 274802 --- [shopro-pos-server] [main] mls.sho.dms.ShoproPosServerApplication   : Started ShoproPosServerApplication in 18.345 seconds (process running for 18.65)
2026-03-29T13:38:51.069+05:30 DEBUG 274802 --- [shopro-pos-server] [MessageBroker-7] m.sho.dms.service.edp.EdpCatchupService  : [EDP-CATCHUP] Running consumer health check...
2026-03-29T13:38:51.069+05:30  INFO 274802 --- [shopro-pos-server] [MessageBroker-3] m.s.d.a.s.i.job.StockThresholdJob        : Starting stock threshold evaluation job...
2026-03-29T13:38:51.070+05:30 DEBUG 274802 --- [shopro-pos-server] [MessageBroker-2] m.s.d.a.s.i.job.PurchaseOrderTimeoutJob  : Running Purchase Order Timeout Job...
2026-03-29T13:38:51.069+05:30 DEBUG 274802 --- [shopro-pos-server] [MessageBroker-4] .s.d.a.s.i.j.BidAcknowledgmentTimeoutJob : Running Bid Acknowledgment Timeout Job...
2026-03-29T13:38:51.070+05:30  INFO 274802 --- [shopro-pos-server] [MessageBroker-1] m.s.d.a.s.inventory.job.BidScoringJob    : Starting bid scoring job...
2026-03-29T13:38:51.229+05:30  INFO 274802 --- [shopro-pos-server] [MessageBroker-3] m.s.d.a.s.c.impl.NotificationEngineImpl  : Expanding recipient group ROLE_MANAGER to roles: [OWNER, MANAGER, GENERAL_MANAGER]
2026-03-29T13:38:51.244+05:30 DEBUG 274802 --- [shopro-pos-server] [MessageBroker-3] m.s.d.a.s.c.impl.NotificationEngineImpl  : Found 1 members for role OWNER
2026-03-29T13:38:51.295+05:30 DEBUG 274802 --- [shopro-pos-server] [MessageBroker-3] m.s.d.a.s.c.impl.NotificationEngineImpl  : Found 0 members for role MANAGER
2026-03-29T13:38:51.303+05:30 DEBUG 274802 --- [shopro-pos-server] [MessageBroker-3] m.s.d.a.s.c.impl.NotificationEngineImpl  : Found 1 members for role GENERAL_MANAGER
2026-03-29T13:38:51.309+05:30  INFO 274802 --- [shopro-pos-server] [MessageBroker-3] m.s.d.a.s.i.job.StockThresholdJob        : Stock threshold evaluation complete. Dispatched 1 alerts.
2026-03-29T13:39:21.119+05:30 DEBUG 274802 --- [shopro-pos-server] [MessageBroker-7] m.sho.dms.service.edp.EdpCatchupService  : [EDP-CATCHUP] Running consumer health check...
2026-03-29T13:39:32.414+05:30  INFO 274802 --- [shopro-pos-server] [http-nio-8080-exec-1] o.apache.coyote.http11.Http11Processor   : Error parsing HTTP request header
 Note: further occurrences of HTTP request parsing errors will be logged at DEBUG level.

java.lang.IllegalArgumentException: Invalid character found in method name [0x160x030x010x070x180x010x000x070x140x030x030xbd0xc80xe8e0xae0xf90x930x870x98p0x7fy0xd50x010xc7k0xd20x02d6#`0xdc0xd10x160x8a/0xfe0xbd0xfa0xf7J ]. HTTP method names must be tokens
	at org.apache.coyote.http11.Http11InputBuffer.parseRequestLine(Http11InputBuffer.java:407)
	at org.apache.coyote.http11.Http11Processor.service(Http11Processor.java:264)
	at org.apache.coyote.AbstractProcessorLight.process(AbstractProcessorLight.java:63)
	at org.apache.coyote.AbstractProtocol$ConnectionHandler.process(AbstractProtocol.java:896)
	at org.apache.tomcat.util.net.NioEndpoint$SocketProcessor.doRun(NioEndpoint.java:1744)
	at org.apache.tomcat.util.net.SocketProcessorBase.run(SocketProcessorBase.java:52)
	at org.apache.tomcat.util.threads.ThreadPoolExecutor.runWorker(ThreadPoolExecutor.java:1191)
	at org.apache.tomcat.util.threads.ThreadPoolExecutor$Worker.run(ThreadPoolExecutor.java:659)
	at org.apache.tomcat.util.threads.TaskThread$WrappingRunnable.run(TaskThread.java:63)
	at java.base/java.lang.Thread.run(Thread.java:1583)

2026-03-29T13:39:51.007+05:30  INFO 274802 --- [shopro-pos-server] [MessageBroker-8] o.s.w.s.c.WebSocketMessageBrokerStats    : WebSocketSession[0 current WS(0)-HttpStream(0)-HttpPoll(0), 0 total, 0 closed abnormally (0 connect failure, 0 send limit, 0 transport error)], stompSubProtocol[processed CONNECT(0)-CONNECTED(0)-DISCONNECT(0)], stompBrokerRelay[null], inboundChannel[pool size = 0, active threads = 0, queued tasks = 0, completed tasks = 0], outboundChannel[pool size = 0, active threads = 0, queued tasks = 0, completed tasks = 0], sockJsScheduler[pool size = 8, active threads = 1, queued tasks = 9, completed tasks = 7]
2026-03-29T13:39:51.061+05:30  INFO 274802 --- [shopro-pos-server] [MessageBroker-4] m.s.d.a.s.inventory.job.BidScoringJob    : Starting bid scoring job...
2026-03-29T13:39:51.137+05:30 DEBUG 274802 --- [shopro-pos-server] [MessageBroker-2] m.sho.dms.service.edp.EdpCatchupService  : [EDP-CATCHUP] Running consumer health check...
2026-03-29T13:40:21.146+05:30 DEBUG 274802 --- [shopro-pos-server] [MessageBroker-2] m.sho.dms.service.edp.EdpCatchupService  : [EDP-CATCHUP] Running consumer health check...
2026-03-29T13:40:51.060+05:30  INFO 274802 --- [shopro-pos-server] [MessageBroker-1] m.s.d.a.s.inventory.job.BidScoringJob    : Starting bid scoring job...
2026-03-29T13:40:51.162+05:30 DEBUG 274802 --- [shopro-pos-server] [MessageBroker-6] m.sho.dms.service.edp.EdpCatchupService  : [EDP-CATCHUP] Running consumer health check...
2026-03-29T13:41:21.169+05:30 DEBUG 274802 --- [shopro-pos-server] [MessageBroker-6] m.sho.dms.service.edp.EdpCatchupService  : [EDP-CATCHUP] Running consumer health check...
2026-03-29T13:41:51.059+05:30  INFO 274802 --- [shopro-pos-server] [MessageBroker-4] m.s.d.a.s.inventory.job.BidScoringJob    : Starting bid scoring job...
2026-03-29T13:41:51.175+05:30 DEBUG 274802 --- [shopro-pos-server] [MessageBroker-7] m.sho.dms.service.edp.EdpCatchupService  : [EDP-CATCHUP] Running consumer health check...
2026-03-29T13:42:21.181+05:30 DEBUG 274802 --- [shopro-pos-server] [MessageBroker-7] m.sho.dms.service.edp.EdpCatchupService  : [EDP-CATCHUP] Running consumer health check...
2026-03-29T13:42:51.061+05:30  INFO 274802 --- [shopro-pos-server] [MessageBroker-2] m.s.d.a.s.inventory.job.BidScoringJob    : Starting bid scoring job...
2026-03-29T13:42:51.187+05:30 DEBUG 274802 --- [shopro-pos-server] [MessageBroker-1] m.sho.dms.service.edp.EdpCatchupService  : [EDP-CATCHUP] Running consumer health check...
2026-03-29T13:43:21.194+05:30 DEBUG 274802 --- [shopro-pos-server] [MessageBroker-1] m.sho.dms.service.edp.EdpCatchupService  : [EDP-CATCHUP] Running consumer health check...
2026-03-29T13:43:51.060+05:30  INFO 274802 --- [shopro-pos-server] [MessageBroker-8] m.s.d.a.s.inventory.job.BidScoringJob    : Starting bid scoring job...
2026-03-29T13:43:51.103+05:30 DEBUG 274802 --- [shopro-pos-server] [MessageBroker-5] .s.d.a.s.i.j.BidAcknowledgmentTimeoutJob : Running Bid Acknowledgment Timeout Job...
2026-03-29T13:43:51.200+05:30 DEBUG 274802 --- [shopro-pos-server] [MessageBroker-4] m.sho.dms.service.edp.EdpCatchupService  : [EDP-CATCHUP] Running consumer health check...
2026-03-29T13:44:21.208+05:30 DEBUG 274802 --- [shopro-pos-server] [MessageBroker-4] m.sho.dms.service.edp.EdpCatchupService  : [EDP-CATCHUP] Running consumer health check...
2026-03-29T13:44:51.060+05:30  INFO 274802 --- [shopro-pos-server] [MessageBroker-3] m.s.d.a.s.inventory.job.BidScoringJob    : Starting bid scoring job...
2026-03-29T13:44:51.223+05:30 DEBUG 274802 --- [shopro-pos-server] [MessageBroker-2] m.sho.dms.service.edp.EdpCatchupService  : [EDP-CATCHUP] Running consumer health check...
2026-03-29T13:45:21.230+05:30 DEBUG 274802 --- [shopro-pos-server] [MessageBroker-2] m.sho.dms.service.edp.EdpCatchupService  : [EDP-CATCHUP] Running consumer health check...
2026-03-29T13:45:51.060+05:30  INFO 274802 --- [shopro-pos-server] [MessageBroker-6] m.s.d.a.s.inventory.job.BidScoringJob    : Starting bid scoring job...
2026-03-29T13:45:51.239+05:30 DEBUG 274802 --- [shopro-pos-server] [MessageBroker-8] m.sho.dms.service.edp.EdpCatchupService  : [EDP-CATCHUP] Running consumer health check...
2026-03-29T13:46:21.248+05:30 DEBUG 274802 --- [shopro-pos-server] [MessageBroker-8] m.sho.dms.service.edp.EdpCatchupService  : [EDP-CATCHUP] Running consumer health check...
2026-03-29T13:46:51.060+05:30  INFO 274802 --- [shopro-pos-server] [MessageBroker-5] m.s.d.a.s.inventory.job.BidScoringJob    : Starting bid scoring job...
2026-03-29T13:46:51.258+05:30 DEBUG 274802 --- [shopro-pos-server] [MessageBroker-4] m.sho.dms.service.edp.EdpCatchupService  : [EDP-CATCHUP] Running consumer health check...
2026-03-29T13:47:07.782+05:30 DEBUG 274802 --- [shopro-pos-server] [SpringApplicationShutdownHook] o.s.m.s.ExecutorSubscribableChannel      : clientOutboundChannel removed SubProtocolWebSocketHandler[StompSubProtocolHandler[v10.stomp, v11.stomp, v12.stomp]]
2026-03-29T13:47:07.782+05:30 DEBUG 274802 --- [shopro-pos-server] [SpringApplicationShutdownHook] o.s.m.s.ExecutorSubscribableChannel      : clientInboundChannel removed WebSocketAnnotationMethodMessageHandler[prefixes=[/app/]]
2026-03-29T13:47:07.783+05:30  INFO 274802 --- [shopro-pos-server] [SpringApplicationShutdownHook] o.s.m.s.b.SimpleBrokerMessageHandler     : Stopping...
2026-03-29T13:47:07.784+05:30  INFO 274802 --- [shopro-pos-server] [SpringApplicationShutdownHook] o.s.m.s.b.SimpleBrokerMessageHandler     : BrokerAvailabilityEvent[available=false, SimpleBrokerMessageHandler [org.springframework.messaging.simp.broker.DefaultSubscriptionRegistry@4b761a13]]
2026-03-29T13:47:07.785+05:30 DEBUG 274802 --- [shopro-pos-server] [SpringApplicationShutdownHook] o.s.m.s.ExecutorSubscribableChannel      : clientInboundChannel removed SimpleBrokerMessageHandler [org.springframework.messaging.simp.broker.DefaultSubscriptionRegistry@4b761a13]
2026-03-29T13:47:07.786+05:30 DEBUG 274802 --- [shopro-pos-server] [SpringApplicationShutdownHook] o.s.m.s.ExecutorSubscribableChannel      : brokerChannel removed SimpleBrokerMessageHandler [org.springframework.messaging.simp.broker.DefaultSubscriptionRegistry@4b761a13]
2026-03-29T13:47:07.787+05:30  INFO 274802 --- [shopro-pos-server] [SpringApplicationShutdownHook] o.s.m.s.b.SimpleBrokerMessageHandler     : Stopped.
2026-03-29T13:47:07.787+05:30 DEBUG 274802 --- [shopro-pos-server] [SpringApplicationShutdownHook] o.s.m.s.ExecutorSubscribableChannel      : clientInboundChannel removed UserDestinationMessageHandler[DefaultUserDestinationResolver[prefix=/user/]]
2026-03-29T13:47:07.788+05:30 DEBUG 274802 --- [shopro-pos-server] [SpringApplicationShutdownHook] o.s.m.s.ExecutorSubscribableChannel      : brokerChannel removed UserDestinationMessageHandler[DefaultUserDestinationResolver[prefix=/user/]]
2026-03-29T13:47:07.855+05:30  INFO 274802 --- [shopro-pos-server] [SpringApplicationShutdownHook] j.LocalContainerEntityManagerFactoryBean : Closing JPA EntityManagerFactory for persistence unit 'default'
2026-03-29T13:47:07.858+05:30  INFO 274802 --- [shopro-pos-server] [SpringApplicationShutdownHook] com.zaxxer.hikari.HikariDataSource       : HikariPool-1 - Shutdown initiated...
2026-03-29T13:47:07.861+05:30  INFO 274802 --- [shopro-pos-server] [SpringApplicationShutdownHook] com.zaxxer.hikari.HikariDataSource       : HikariPool-1 - Shutdown completed.
2026-03-29T13:47:28.430+05:30  INFO 276424 --- [shopro-pos-server] [main] mls.sho.dms.ShoproPosServerApplication   : Starting ShoproPosServerApplication using Java 21.0.9 with PID 276424 (/home/arun/IdeaProjects/shopro-pos/shopro-sabz-server/build/classes/java/main started by arun in /home/arun/IdeaProjects/shopro-pos/shopro-sabz-server)
2026-03-29T13:47:28.432+05:30 DEBUG 276424 --- [shopro-pos-server] [main] mls.sho.dms.ShoproPosServerApplication   : Running with Spring Boot v3.2.3, Spring v6.1.4
2026-03-29T13:47:28.436+05:30  INFO 276424 --- [shopro-pos-server] [main] mls.sho.dms.ShoproPosServerApplication   : No active profile set, falling back to 1 default profile: "default"
2026-03-29T13:47:29.890+05:30  INFO 276424 --- [shopro-pos-server] [main] .s.d.r.c.RepositoryConfigurationDelegate : Bootstrapping Spring Data JPA repositories in DEFAULT mode.
2026-03-29T13:47:30.186+05:30  INFO 276424 --- [shopro-pos-server] [main] .s.d.r.c.RepositoryConfigurationDelegate : Finished Spring Data repository scanning in 287 ms. Found 90 JPA repository interfaces.
2026-03-29T13:47:31.107+05:30  INFO 276424 --- [shopro-pos-server] [main] o.s.b.w.embedded.tomcat.TomcatWebServer  : Tomcat initialized with port 8080 (http)
2026-03-29T13:47:31.122+05:30  INFO 276424 --- [shopro-pos-server] [main] o.apache.catalina.core.StandardService   : Starting service [Tomcat]
2026-03-29T13:47:31.122+05:30  INFO 276424 --- [shopro-pos-server] [main] o.apache.catalina.core.StandardEngine    : Starting Servlet engine: [Apache Tomcat/10.1.19]
2026-03-29T13:47:31.189+05:30  INFO 276424 --- [shopro-pos-server] [main] o.a.c.c.C.[Tomcat].[localhost].[/]       : Initializing Spring embedded WebApplicationContext
2026-03-29T13:47:31.190+05:30  INFO 276424 --- [shopro-pos-server] [main] w.s.c.ServletWebServerApplicationContext : Root WebApplicationContext: initialization completed in 2696 ms
2026-03-29T13:47:31.780+05:30  INFO 276424 --- [shopro-pos-server] [main] com.zaxxer.hikari.HikariDataSource       : HikariPool-1 - Starting...
2026-03-29T13:47:31.904+05:30  INFO 276424 --- [shopro-pos-server] [main] com.zaxxer.hikari.pool.HikariPool        : HikariPool-1 - Added connection org.postgresql.jdbc.PgConnection@5751e53e
2026-03-29T13:47:31.906+05:30  INFO 276424 --- [shopro-pos-server] [main] com.zaxxer.hikari.HikariDataSource       : HikariPool-1 - Start completed.
2026-03-29T13:47:31.974+05:30  INFO 276424 --- [shopro-pos-server] [main] o.f.c.internal.license.VersionPrinter    : Flyway Community Edition 9.22.3 by Redgate
2026-03-29T13:47:31.975+05:30  INFO 276424 --- [shopro-pos-server] [main] o.f.c.internal.license.VersionPrinter    : See release notes here: https://rd.gt/416ObMi
2026-03-29T13:47:31.975+05:30  INFO 276424 --- [shopro-pos-server] [main] o.f.c.internal.license.VersionPrinter    : 
2026-03-29T13:47:31.991+05:30  INFO 276424 --- [shopro-pos-server] [main] org.flywaydb.core.FlywayExecutor         : Database: jdbc:postgresql://localhost:5432/shopro_pos (PostgreSQL 18.3)
2026-03-29T13:47:31.998+05:30  WARN 276424 --- [shopro-pos-server] [main] o.f.c.internal.database.base.Database    : Flyway upgrade recommended: PostgreSQL 18.3 is newer than this version of Flyway and support has not been tested. The latest supported version of PostgreSQL is 15.
2026-03-29T13:47:32.108+05:30  INFO 276424 --- [shopro-pos-server] [main] o.f.core.internal.command.DbMigrate      : Current version of schema "public": 85
2026-03-29T13:47:32.111+05:30  INFO 276424 --- [shopro-pos-server] [main] o.f.core.internal.command.DbMigrate      : Schema "public" is up to date. No migration necessary.
2026-03-29T13:47:32.271+05:30  INFO 276424 --- [shopro-pos-server] [main] o.hibernate.jpa.internal.util.LogHelper  : HHH000204: Processing PersistenceUnitInfo [name: default]
2026-03-29T13:47:32.314+05:30  INFO 276424 --- [shopro-pos-server] [main] org.hibernate.Version                    : HHH000412: Hibernate ORM core version 6.4.4.Final
2026-03-29T13:47:32.342+05:30  INFO 276424 --- [shopro-pos-server] [main] o.h.c.internal.RegionFactoryInitiator    : HHH000026: Second-level cache disabled
2026-03-29T13:47:32.573+05:30  INFO 276424 --- [shopro-pos-server] [main] o.s.o.j.p.SpringPersistenceUnitInfo      : No LoadTimeWeaver setup: ignoring JPA class transformer
2026-03-29T13:47:32.621+05:30  WARN 276424 --- [shopro-pos-server] [main] org.hibernate.orm.deprecation            : HHH90000025: PostgreSQLDialect does not need to be specified explicitly using 'hibernate.dialect' (remove the property setting and it will be selected by default)
2026-03-29T13:47:34.821+05:30  INFO 276424 --- [shopro-pos-server] [main] o.h.e.t.j.p.i.JtaPlatformInitiator       : HHH000489: No JTA platform available (set 'hibernate.transaction.jta.platform' to enable JTA platform integration)
2026-03-29T13:47:34.824+05:30  INFO 276424 --- [shopro-pos-server] [main] j.LocalContainerEntityManagerFactoryBean : Initialized JPA EntityManagerFactory for persistence unit 'default'
2026-03-29T13:47:35.319+05:30 DEBUG 276424 --- [shopro-pos-server] [main] .s.d.a.s.MarketplaceAuthenticationFilter : Filter 'marketplaceAuthenticationFilter' configured for use
2026-03-29T13:47:35.319+05:30 DEBUG 276424 --- [shopro-pos-server] [main] m.s.d.a.s.StaffAuthenticationFilter      : Filter 'staffAuthenticationFilter' configured for use
2026-03-29T13:47:35.320+05:30 DEBUG 276424 --- [shopro-pos-server] [main] m.s.dms.application.security.DPoPFilter  : Filter 'DPoPFilter' configured for use
2026-03-29T13:47:35.321+05:30 DEBUG 276424 --- [shopro-pos-server] [main] mls.sho.dms.fapi.FapiGatewayFilter       : Filter 'fapiGatewayFilter' configured for use
2026-03-29T13:47:35.321+05:30 DEBUG 276424 --- [shopro-pos-server] [main] mls.sho.dms.config.GlobalCorsFilter      : Filter 'globalCorsFilter' configured for use
2026-03-29T13:47:35.807+05:30  INFO 276424 --- [shopro-pos-server] [main] o.s.d.j.r.query.QueryEnhancerFactory     : Hibernate is in classpath; If applicable, HQL parser will be used.
2026-03-29T13:47:41.913+05:30  WARN 276424 --- [shopro-pos-server] [main] JpaBaseConfiguration$JpaWebConfiguration : spring.jpa.open-in-view is enabled by default. Therefore, database queries may be performed during view rendering. Explicitly configure spring.jpa.open-in-view to disable this warning
2026-03-29T13:47:43.445+05:30  INFO 276424 --- [shopro-pos-server] [main] o.s.b.a.e.web.EndpointLinksResolver      : Exposing 1 endpoint(s) beneath base path '/actuator'
2026-03-29T13:47:43.557+05:30  INFO 276424 --- [shopro-pos-server] [main] o.s.s.web.DefaultSecurityFilterChain     : Will secure org.springframework.security.oauth2.server.authorization.config.annotation.web.configurers.OAuth2AuthorizationServerConfigurer$$Lambda/0x00007fe3accfc800@2d995438 with [org.springframework.security.web.session.DisableEncodeUrlFilter@705910dc, org.springframework.security.web.context.request.async.WebAsyncManagerIntegrationFilter@30743cf1, org.springframework.security.web.context.SecurityContextHolderFilter@700e897f, org.springframework.security.oauth2.server.authorization.config.annotation.web.configurers.AuthorizationServerContextFilter@5d678b8, org.springframework.security.web.header.HeaderWriterFilter@49dafb3, org.springframework.web.filter.CorsFilter@2b9438ed, org.springframework.security.web.csrf.CsrfFilter@53bb8c2a, org.springframework.security.oauth2.server.authorization.oidc.web.OidcLogoutEndpointFilter@34c467d0, org.springframework.security.web.authentication.logout.LogoutFilter@7f635a90, org.springframework.security.oauth2.server.authorization.web.OAuth2AuthorizationServerMetadataEndpointFilter@561e7b88, org.springframework.security.oauth2.server.authorization.web.OAuth2AuthorizationEndpointFilter@1644d1cf, org.springframework.security.oauth2.server.authorization.web.OAuth2DeviceVerificationEndpointFilter@6980b8d9, org.springframework.security.oauth2.server.authorization.oidc.web.OidcProviderConfigurationEndpointFilter@65f2a574, org.springframework.security.oauth2.server.authorization.web.NimbusJwkSetEndpointFilter@43da1491, org.springframework.security.oauth2.server.authorization.web.OAuth2ClientAuthenticationFilter@17946d70, org.springframework.security.web.savedrequest.RequestCacheAwareFilter@1fb746b7, org.springframework.security.web.servletapi.SecurityContextHolderAwareRequestFilter@560ee744, org.springframework.security.web.authentication.AnonymousAuthenticationFilter@4ccb9133, org.springframework.security.web.access.ExceptionTranslationFilter@16606fc6, org.springframework.security.web.access.intercept.AuthorizationFilter@42eb186e, org.springframework.security.oauth2.server.authorization.web.OAuth2TokenEndpointFilter@321d5c58, org.springframework.security.oauth2.server.authorization.web.OAuth2TokenIntrospectionEndpointFilter@62c4adf, org.springframework.security.oauth2.server.authorization.web.OAuth2TokenRevocationEndpointFilter@1e0d1477, org.springframework.security.oauth2.server.authorization.web.OAuth2DeviceAuthorizationEndpointFilter@21ffc1c9, org.springframework.security.oauth2.server.authorization.oidc.web.OidcUserInfoEndpointFilter@351fa6c4]
2026-03-29T13:47:43.620+05:30  INFO 276424 --- [shopro-pos-server] [main] o.s.s.web.DefaultSecurityFilterChain     : Will secure any request with [org.springframework.security.web.session.DisableEncodeUrlFilter@1392dc4e, org.springframework.security.web.context.request.async.WebAsyncManagerIntegrationFilter@6b1e4b4, org.springframework.security.web.context.SecurityContextHolderFilter@9882758, org.springframework.security.web.header.HeaderWriterFilter@11a81db0, org.springframework.web.filter.CorsFilter@22eb7121, org.springframework.security.web.csrf.CsrfFilter@101c9c6b, org.springframework.security.web.authentication.logout.LogoutFilter@7df6fdd3, org.springframework.security.oauth2.client.web.OAuth2AuthorizationRequestRedirectFilter@4d602d4a, org.springframework.security.oauth2.client.web.OAuth2LoginAuthenticationFilter@20d6ac04, org.springframework.security.web.authentication.UsernamePasswordAuthenticationFilter@28bbadf0, org.springframework.security.web.authentication.ui.DefaultLoginPageGeneratingFilter@27d0b621, org.springframework.security.web.authentication.ui.DefaultLogoutPageGeneratingFilter@3666841e, org.springframework.security.web.savedrequest.RequestCacheAwareFilter@7d031dc6, org.springframework.security.web.servletapi.SecurityContextHolderAwareRequestFilter@764460c4, org.springframework.security.web.authentication.AnonymousAuthenticationFilter@33934e30, org.springframework.security.web.access.ExceptionTranslationFilter@4db8de9c, org.springframework.security.web.access.intercept.AuthorizationFilter@5eb52775]
2026-03-29T13:47:43.672+05:30  INFO 276424 --- [shopro-pos-server] [main] o.s.s.w.a.c.ChannelProcessingFilter      : Validated configuration attributes
2026-03-29T13:47:43.675+05:30  INFO 276424 --- [shopro-pos-server] [main] o.s.s.web.DefaultSecurityFilterChain     : Will secure Or [Mvc [pattern='/api/**'], Mvc [pattern='/auth/**'], Mvc [pattern='/actuator/**']] with [org.springframework.security.web.session.DisableEncodeUrlFilter@474fd577, org.springframework.security.web.access.channel.ChannelProcessingFilter@34b998cf, org.springframework.security.web.context.request.async.WebAsyncManagerIntegrationFilter@5e028416, org.springframework.security.web.context.SecurityContextHolderFilter@4c88a441, org.springframework.security.web.header.HeaderWriterFilter@75b0c649, org.springframework.web.filter.CorsFilter@68c2ebb2, org.springframework.security.web.authentication.logout.LogoutFilter@746d6fc7, mls.sho.dms.fapi.FapiGatewayFilter@2c107b94, org.springframework.security.web.savedrequest.RequestCacheAwareFilter@64c7b5b, org.springframework.security.web.servletapi.SecurityContextHolderAwareRequestFilter@6b3ccd93, org.springframework.security.web.authentication.AnonymousAuthenticationFilter@1a23e319, org.springframework.security.web.session.SessionManagementFilter@80850c3, org.springframework.security.web.access.ExceptionTranslationFilter@d8d746c, org.springframework.security.web.access.intercept.AuthorizationFilter@1c434357]
2026-03-29T13:47:44.413+05:30  INFO 276424 --- [shopro-pos-server] [main] o.s.b.w.embedded.tomcat.TomcatWebServer  : Tomcat started on port 8080 (http) with context path ''
2026-03-29T13:47:44.415+05:30 DEBUG 276424 --- [shopro-pos-server] [main] o.s.m.s.ExecutorSubscribableChannel      : clientOutboundChannel added SubProtocolWebSocketHandler[StompSubProtocolHandler[v10.stomp, v11.stomp, v12.stomp]]
2026-03-29T13:47:44.416+05:30 DEBUG 276424 --- [shopro-pos-server] [main] o.s.m.s.ExecutorSubscribableChannel      : clientInboundChannel added WebSocketAnnotationMethodMessageHandler[prefixes=[/app/]]
2026-03-29T13:47:44.416+05:30  INFO 276424 --- [shopro-pos-server] [main] o.s.m.s.b.SimpleBrokerMessageHandler     : Starting...
2026-03-29T13:47:44.417+05:30 DEBUG 276424 --- [shopro-pos-server] [main] o.s.m.s.ExecutorSubscribableChannel      : clientInboundChannel added SimpleBrokerMessageHandler [org.springframework.messaging.simp.broker.DefaultSubscriptionRegistry@5cbc96eb]
2026-03-29T13:47:44.417+05:30 DEBUG 276424 --- [shopro-pos-server] [main] o.s.m.s.ExecutorSubscribableChannel      : brokerChannel added SimpleBrokerMessageHandler [org.springframework.messaging.simp.broker.DefaultSubscriptionRegistry@5cbc96eb]
2026-03-29T13:47:44.417+05:30  INFO 276424 --- [shopro-pos-server] [main] o.s.m.s.b.SimpleBrokerMessageHandler     : BrokerAvailabilityEvent[available=true, SimpleBrokerMessageHandler [org.springframework.messaging.simp.broker.DefaultSubscriptionRegistry@5cbc96eb]]
2026-03-29T13:47:44.418+05:30  INFO 276424 --- [shopro-pos-server] [main] o.s.m.s.b.SimpleBrokerMessageHandler     : Started.
2026-03-29T13:47:44.418+05:30 DEBUG 276424 --- [shopro-pos-server] [main] o.s.m.s.ExecutorSubscribableChannel      : clientInboundChannel added UserDestinationMessageHandler[DefaultUserDestinationResolver[prefix=/user/]]
2026-03-29T13:47:44.418+05:30 DEBUG 276424 --- [shopro-pos-server] [main] o.s.m.s.ExecutorSubscribableChannel      : brokerChannel added UserDestinationMessageHandler[DefaultUserDestinationResolver[prefix=/user/]]
2026-03-29T13:47:44.439+05:30  INFO 276424 --- [shopro-pos-server] [main] mls.sho.dms.ShoproPosServerApplication   : Started ShoproPosServerApplication in 16.633 seconds (process running for 17.0)
2026-03-29T13:47:44.446+05:30  INFO 276424 --- [shopro-pos-server] [MessageBroker-1] m.s.d.a.s.inventory.job.BidScoringJob    : Starting bid scoring job...
2026-03-29T13:47:44.446+05:30 DEBUG 276424 --- [shopro-pos-server] [MessageBroker-4] m.s.d.a.s.i.job.PurchaseOrderTimeoutJob  : Running Purchase Order Timeout Job...
2026-03-29T13:47:44.446+05:30  INFO 276424 --- [shopro-pos-server] [MessageBroker-3] m.s.d.a.s.i.job.StockThresholdJob        : Starting stock threshold evaluation job...
2026-03-29T13:47:44.446+05:30 DEBUG 276424 --- [shopro-pos-server] [MessageBroker-6] .s.d.a.s.i.j.BidAcknowledgmentTimeoutJob : Running Bid Acknowledgment Timeout Job...
2026-03-29T13:47:44.446+05:30 DEBUG 276424 --- [shopro-pos-server] [MessageBroker-8] m.sho.dms.service.edp.EdpCatchupService  : [EDP-CATCHUP] Running consumer health check...
2026-03-29T13:47:44.589+05:30  INFO 276424 --- [shopro-pos-server] [MessageBroker-3] m.s.d.a.s.c.impl.NotificationEngineImpl  : Expanding recipient group ROLE_MANAGER to roles: [OWNER, MANAGER, GENERAL_MANAGER]
2026-03-29T13:47:44.605+05:30 DEBUG 276424 --- [shopro-pos-server] [MessageBroker-3] m.s.d.a.s.c.impl.NotificationEngineImpl  : Found 1 members for role OWNER
2026-03-29T13:47:44.652+05:30 DEBUG 276424 --- [shopro-pos-server] [MessageBroker-3] m.s.d.a.s.c.impl.NotificationEngineImpl  : Found 0 members for role MANAGER
2026-03-29T13:47:44.660+05:30 DEBUG 276424 --- [shopro-pos-server] [MessageBroker-3] m.s.d.a.s.c.impl.NotificationEngineImpl  : Found 1 members for role GENERAL_MANAGER
2026-03-29T13:47:44.665+05:30  INFO 276424 --- [shopro-pos-server] [MessageBroker-3] m.s.d.a.s.i.job.StockThresholdJob        : Stock threshold evaluation complete. Dispatched 1 alerts.
2026-03-29T13:48:14.501+05:30 DEBUG 276424 --- [shopro-pos-server] [MessageBroker-8] m.sho.dms.service.edp.EdpCatchupService  : [EDP-CATCHUP] Running consumer health check...
2026-03-29T13:48:44.388+05:30  INFO 276424 --- [shopro-pos-server] [MessageBroker-7] o.s.w.s.c.WebSocketMessageBrokerStats    : WebSocketSession[0 current WS(0)-HttpStream(0)-HttpPoll(0), 0 total, 0 closed abnormally (0 connect failure, 0 send limit, 0 transport error)], stompSubProtocol[processed CONNECT(0)-CONNECTED(0)-DISCONNECT(0)], stompBrokerRelay[null], inboundChannel[pool size = 0, active threads = 0, queued tasks = 0, completed tasks = 0], outboundChannel[pool size = 0, active threads = 0, queued tasks = 0, completed tasks = 0], sockJsScheduler[pool size = 8, active threads = 1, queued tasks = 9, completed tasks = 7]
2026-03-29T13:48:44.438+05:30  INFO 276424 --- [shopro-pos-server] [MessageBroker-6] m.s.d.a.s.inventory.job.BidScoringJob    : Starting bid scoring job...
2026-03-29T13:48:44.521+05:30 DEBUG 276424 --- [shopro-pos-server] [MessageBroker-4] m.sho.dms.service.edp.EdpCatchupService  : [EDP-CATCHUP] Running consumer health check...
2026-03-29T13:48:51.743+05:30  INFO 276424 --- [shopro-pos-server] [http-nio-8080-exec-1] o.apache.coyote.http11.Http11Processor   : Error parsing HTTP request header
 Note: further occurrences of HTTP request parsing errors will be logged at DEBUG level.

java.lang.IllegalArgumentException: Invalid character found in method name [0x160x030x010x060xd80x010x000x060xd40x030x03B'0x0f0x92h0xd20xb5Q0xf8[0xf50x00Bb0xbd!0xdd0x040xba0x800xd3u%0x9b0xa50x860xb20x840x0c0xb80x9b0xf6 ]. HTTP method names must be tokens
	at org.apache.coyote.http11.Http11InputBuffer.parseRequestLine(Http11InputBuffer.java:407)
	at org.apache.coyote.http11.Http11Processor.service(Http11Processor.java:264)
	at org.apache.coyote.AbstractProcessorLight.process(AbstractProcessorLight.java:63)
	at org.apache.coyote.AbstractProtocol$ConnectionHandler.process(AbstractProtocol.java:896)
	at org.apache.tomcat.util.net.NioEndpoint$SocketProcessor.doRun(NioEndpoint.java:1744)
	at org.apache.tomcat.util.net.SocketProcessorBase.run(SocketProcessorBase.java:52)
	at org.apache.tomcat.util.threads.ThreadPoolExecutor.runWorker(ThreadPoolExecutor.java:1191)
	at org.apache.tomcat.util.threads.ThreadPoolExecutor$Worker.run(ThreadPoolExecutor.java:659)
	at org.apache.tomcat.util.threads.TaskThread$WrappingRunnable.run(TaskThread.java:63)
	at java.base/java.lang.Thread.run(Thread.java:1583)

2026-03-29T13:49:14.527+05:30 DEBUG 276424 --- [shopro-pos-server] [MessageBroker-4] m.sho.dms.service.edp.EdpCatchupService  : [EDP-CATCHUP] Running consumer health check...
2026-03-29T13:49:44.438+05:30  INFO 276424 --- [shopro-pos-server] [MessageBroker-1] m.s.d.a.s.inventory.job.BidScoringJob    : Starting bid scoring job...
2026-03-29T13:49:44.534+05:30 DEBUG 276424 --- [shopro-pos-server] [MessageBroker-2] m.sho.dms.service.edp.EdpCatchupService  : [EDP-CATCHUP] Running consumer health check...
2026-03-29T13:50:14.551+05:30 DEBUG 276424 --- [shopro-pos-server] [MessageBroker-2] m.sho.dms.service.edp.EdpCatchupService  : [EDP-CATCHUP] Running consumer health check...
2026-03-29T13:50:44.436+05:30  INFO 276424 --- [shopro-pos-server] [MessageBroker-8] m.s.d.a.s.inventory.job.BidScoringJob    : Starting bid scoring job...
2026-03-29T13:50:44.561+05:30 DEBUG 276424 --- [shopro-pos-server] [MessageBroker-6] m.sho.dms.service.edp.EdpCatchupService  : [EDP-CATCHUP] Running consumer health check...
2026-03-29T13:51:14.569+05:30 DEBUG 276424 --- [shopro-pos-server] [MessageBroker-6] m.sho.dms.service.edp.EdpCatchupService  : [EDP-CATCHUP] Running consumer health check...
2026-03-29T13:51:44.438+05:30  INFO 276424 --- [shopro-pos-server] [MessageBroker-5] m.s.d.a.s.inventory.job.BidScoringJob    : Starting bid scoring job...
2026-03-29T13:51:44.585+05:30 DEBUG 276424 --- [shopro-pos-server] [MessageBroker-3] m.sho.dms.service.edp.EdpCatchupService  : [EDP-CATCHUP] Running consumer health check...
2026-03-29T13:52:14.593+05:30 DEBUG 276424 --- [shopro-pos-server] [MessageBroker-3] m.sho.dms.service.edp.EdpCatchupService  : [EDP-CATCHUP] Running consumer health check...
2026-03-29T13:52:44.438+05:30  INFO 276424 --- [shopro-pos-server] [MessageBroker-1] m.s.d.a.s.inventory.job.BidScoringJob    : Starting bid scoring job...
2026-03-29T13:52:44.476+05:30 DEBUG 276424 --- [shopro-pos-server] [MessageBroker-2] .s.d.a.s.i.j.BidAcknowledgmentTimeoutJob : Running Bid Acknowledgment Timeout Job...
2026-03-29T13:52:44.609+05:30 DEBUG 276424 --- [shopro-pos-server] [MessageBroker-8] m.sho.dms.service.edp.EdpCatchupService  : [EDP-CATCHUP] Running consumer health check...
2026-03-29T13:53:14.616+05:30 DEBUG 276424 --- [shopro-pos-server] [MessageBroker-8] m.sho.dms.service.edp.EdpCatchupService  : [EDP-CATCHUP] Running consumer health check...
2026-03-29T13:53:44.439+05:30  INFO 276424 --- [shopro-pos-server] [MessageBroker-4] m.s.d.a.s.inventory.job.BidScoringJob    : Starting bid scoring job...
2026-03-29T13:53:44.632+05:30 DEBUG 276424 --- [shopro-pos-server] [MessageBroker-5] m.sho.dms.service.edp.EdpCatchupService  : [EDP-CATCHUP] Running consumer health check...
2026-03-29T13:54:14.648+05:30 DEBUG 276424 --- [shopro-pos-server] [MessageBroker-5] m.sho.dms.service.edp.EdpCatchupService  : [EDP-CATCHUP] Running consumer health check...
2026-03-29T13:54:44.438+05:30  INFO 276424 --- [shopro-pos-server] [MessageBroker-1] m.s.d.a.s.inventory.job.BidScoringJob    : Starting bid scoring job...
2026-03-29T13:54:44.665+05:30 DEBUG 276424 --- [shopro-pos-server] [MessageBroker-7] m.sho.dms.service.edp.EdpCatchupService  : [EDP-CATCHUP] Running consumer health check...
2026-03-29T13:55:14.682+05:30 DEBUG 276424 --- [shopro-pos-server] [MessageBroker-7] m.sho.dms.service.edp.EdpCatchupService  : [EDP-CATCHUP] Running consumer health check...
2026-03-29T13:55:44.438+05:30  INFO 276424 --- [shopro-pos-server] [MessageBroker-4] m.s.d.a.s.inventory.job.BidScoringJob    : Starting bid scoring job...
2026-03-29T13:55:44.701+05:30 DEBUG 276424 --- [shopro-pos-server] [MessageBroker-6] m.sho.dms.service.edp.EdpCatchupService  : [EDP-CATCHUP] Running consumer health check...
2026-03-29T13:56:14.717+05:30 DEBUG 276424 --- [shopro-pos-server] [MessageBroker-6] m.sho.dms.service.edp.EdpCatchupService  : [EDP-CATCHUP] Running consumer health check...
2026-03-29T13:56:44.439+05:30  INFO 276424 --- [shopro-pos-server] [MessageBroker-1] m.s.d.a.s.inventory.job.BidScoringJob    : Starting bid scoring job...
2026-03-29T13:56:44.733+05:30 DEBUG 276424 --- [shopro-pos-server] [MessageBroker-5] m.sho.dms.service.edp.EdpCatchupService  : [EDP-CATCHUP] Running consumer health check...
2026-03-29T13:57:14.751+05:30 DEBUG 276424 --- [shopro-pos-server] [MessageBroker-5] m.sho.dms.service.edp.EdpCatchupService  : [EDP-CATCHUP] Running consumer health check...
2026-03-29T13:57:44.438+05:30  INFO 276424 --- [shopro-pos-server] [MessageBroker-4] m.s.d.a.s.inventory.job.BidScoringJob    : Starting bid scoring job...
2026-03-29T13:57:44.489+05:30 DEBUG 276424 --- [shopro-pos-server] [MessageBroker-7] .s.d.a.s.i.j.BidAcknowledgmentTimeoutJob : Running Bid Acknowledgment Timeout Job...
2026-03-29T13:57:44.767+05:30 DEBUG 276424 --- [shopro-pos-server] [MessageBroker-6] m.sho.dms.service.edp.EdpCatchupService  : [EDP-CATCHUP] Running consumer health check...
2026-03-29T13:58:14.789+05:30 DEBUG 276424 --- [shopro-pos-server] [MessageBroker-6] m.sho.dms.service.edp.EdpCatchupService  : [EDP-CATCHUP] Running consumer health check...
2026-03-29T13:58:44.436+05:30  INFO 276424 --- [shopro-pos-server] [MessageBroker-8] m.s.d.a.s.inventory.job.BidScoringJob    : Starting bid scoring job...
2026-03-29T13:58:44.794+05:30 DEBUG 276424 --- [shopro-pos-server] [MessageBroker-3] m.sho.dms.service.edp.EdpCatchupService  : [EDP-CATCHUP] Running consumer health check...
2026-03-29T13:59:14.802+05:30 DEBUG 276424 --- [shopro-pos-server] [MessageBroker-3] m.sho.dms.service.edp.EdpCatchupService  : [EDP-CATCHUP] Running consumer health check...
2026-03-29T13:59:44.437+05:30  INFO 276424 --- [shopro-pos-server] [MessageBroker-5] m.s.d.a.s.inventory.job.BidScoringJob    : Starting bid scoring job...
2026-03-29T13:59:44.807+05:30 DEBUG 276424 --- [shopro-pos-server] [MessageBroker-4] m.sho.dms.service.edp.EdpCatchupService  : [EDP-CATCHUP] Running consumer health check...
2026-03-29T14:00:00.008+05:30  INFO 276424 --- [shopro-pos-server] [MessageBroker-7] m.s.d.a.s.impl.crm.CampaignServiceImpl   : Triggering automated campaign events...
2026-03-29T14:00:14.814+05:30 DEBUG 276424 --- [shopro-pos-server] [MessageBroker-6] m.sho.dms.service.edp.EdpCatchupService  : [EDP-CATCHUP] Running consumer health check...
2026-03-29T14:00:44.437+05:30  INFO 276424 --- [shopro-pos-server] [MessageBroker-8] m.s.d.a.s.inventory.job.BidScoringJob    : Starting bid scoring job...
2026-03-29T14:00:44.831+05:30 DEBUG 276424 --- [shopro-pos-server] [MessageBroker-2] m.sho.dms.service.edp.EdpCatchupService  : [EDP-CATCHUP] Running consumer health check...
2026-03-29T14:01:14.845+05:30 DEBUG 276424 --- [shopro-pos-server] [MessageBroker-2] m.sho.dms.service.edp.EdpCatchupService  : [EDP-CATCHUP] Running consumer health check...
2026-03-29T14:01:44.437+05:30  INFO 276424 --- [shopro-pos-server] [MessageBroker-3] m.s.d.a.s.inventory.job.BidScoringJob    : Starting bid scoring job...
2026-03-29T14:01:44.860+05:30 DEBUG 276424 --- [shopro-pos-server] [MessageBroker-4] m.sho.dms.service.edp.EdpCatchupService  : [EDP-CATCHUP] Running consumer health check...
2026-03-29T14:02:14.873+05:30 DEBUG 276424 --- [shopro-pos-server] [MessageBroker-4] m.sho.dms.service.edp.EdpCatchupService  : [EDP-CATCHUP] Running consumer health check...
2026-03-29T14:02:44.437+05:30  INFO 276424 --- [shopro-pos-server] [MessageBroker-7] m.s.d.a.s.inventory.job.BidScoringJob    : Starting bid scoring job...
2026-03-29T14:02:44.497+05:30 DEBUG 276424 --- [shopro-pos-server] [MessageBroker-6] .s.d.a.s.i.j.BidAcknowledgmentTimeoutJob : Running Bid Acknowledgment Timeout Job...
2026-03-29T14:02:44.883+05:30 DEBUG 276424 --- [shopro-pos-server] [MessageBroker-8] m.sho.dms.service.edp.EdpCatchupService  : [EDP-CATCHUP] Running consumer health check...
2026-03-29T14:03:14.900+05:30 DEBUG 276424 --- [shopro-pos-server] [MessageBroker-8] m.sho.dms.service.edp.EdpCatchupService  : [EDP-CATCHUP] Running consumer health check...
2026-03-29T14:03:44.437+05:30  INFO 276424 --- [shopro-pos-server] [MessageBroker-5] m.s.d.a.s.inventory.job.BidScoringJob    : Starting bid scoring job...
2026-03-29T14:03:44.914+05:30 DEBUG 276424 --- [shopro-pos-server] [MessageBroker-3] m.sho.dms.service.edp.EdpCatchupService  : [EDP-CATCHUP] Running consumer health check...
2026-03-29T14:04:14.924+05:30 DEBUG 276424 --- [shopro-pos-server] [MessageBroker-3] m.sho.dms.service.edp.EdpCatchupService  : [EDP-CATCHUP] Running consumer health check...
2026-03-29T14:04:44.437+05:30  INFO 276424 --- [shopro-pos-server] [MessageBroker-7] m.s.d.a.s.inventory.job.BidScoringJob    : Starting bid scoring job...
2026-03-29T14:04:44.937+05:30 DEBUG 276424 --- [shopro-pos-server] [MessageBroker-1] m.sho.dms.service.edp.EdpCatchupService  : [EDP-CATCHUP] Running consumer health check...
2026-03-29T14:05:14.958+05:30 DEBUG 276424 --- [shopro-pos-server] [MessageBroker-1] m.sho.dms.service.edp.EdpCatchupService  : [EDP-CATCHUP] Running consumer health check...
2026-03-29T14:05:44.437+05:30  INFO 276424 --- [shopro-pos-server] [MessageBroker-2] m.s.d.a.s.inventory.job.BidScoringJob    : Starting bid scoring job...
2026-03-29T14:05:44.976+05:30 DEBUG 276424 --- [shopro-pos-server] [MessageBroker-5] m.sho.dms.service.edp.EdpCatchupService  : [EDP-CATCHUP] Running consumer health check...
2026-03-29T14:06:14.994+05:30 DEBUG 276424 --- [shopro-pos-server] [MessageBroker-5] m.sho.dms.service.edp.EdpCatchupService  : [EDP-CATCHUP] Running consumer health check...
2026-03-29T14:06:21.359+05:30 DEBUG 276424 --- [shopro-pos-server] [SpringApplicationShutdownHook] o.s.m.s.ExecutorSubscribableChannel      : clientOutboundChannel removed SubProtocolWebSocketHandler[StompSubProtocolHandler[v10.stomp, v11.stomp, v12.stomp]]
2026-03-29T14:06:21.360+05:30 DEBUG 276424 --- [shopro-pos-server] [SpringApplicationShutdownHook] o.s.m.s.ExecutorSubscribableChannel      : clientInboundChannel removed WebSocketAnnotationMethodMessageHandler[prefixes=[/app/]]
2026-03-29T14:06:21.360+05:30  INFO 276424 --- [shopro-pos-server] [SpringApplicationShutdownHook] o.s.m.s.b.SimpleBrokerMessageHandler     : Stopping...
2026-03-29T14:06:21.361+05:30  INFO 276424 --- [shopro-pos-server] [SpringApplicationShutdownHook] o.s.m.s.b.SimpleBrokerMessageHandler     : BrokerAvailabilityEvent[available=false, SimpleBrokerMessageHandler [org.springframework.messaging.simp.broker.DefaultSubscriptionRegistry@5cbc96eb]]
2026-03-29T14:06:21.361+05:30 DEBUG 276424 --- [shopro-pos-server] [SpringApplicationShutdownHook] o.s.m.s.ExecutorSubscribableChannel      : clientInboundChannel removed SimpleBrokerMessageHandler [org.springframework.messaging.simp.broker.DefaultSubscriptionRegistry@5cbc96eb]
2026-03-29T14:06:21.361+05:30 DEBUG 276424 --- [shopro-pos-server] [SpringApplicationShutdownHook] o.s.m.s.ExecutorSubscribableChannel      : brokerChannel removed SimpleBrokerMessageHandler [org.springframework.messaging.simp.broker.DefaultSubscriptionRegistry@5cbc96eb]
2026-03-29T14:06:21.362+05:30  INFO 276424 --- [shopro-pos-server] [SpringApplicationShutdownHook] o.s.m.s.b.SimpleBrokerMessageHandler     : Stopped.
2026-03-29T14:06:21.362+05:30 DEBUG 276424 --- [shopro-pos-server] [SpringApplicationShutdownHook] o.s.m.s.ExecutorSubscribableChannel      : clientInboundChannel removed UserDestinationMessageHandler[DefaultUserDestinationResolver[prefix=/user/]]
2026-03-29T14:06:21.362+05:30 DEBUG 276424 --- [shopro-pos-server] [SpringApplicationShutdownHook] o.s.m.s.ExecutorSubscribableChannel      : brokerChannel removed UserDestinationMessageHandler[DefaultUserDestinationResolver[prefix=/user/]]
2026-03-29T14:06:21.449+05:30  INFO 276424 --- [shopro-pos-server] [SpringApplicationShutdownHook] j.LocalContainerEntityManagerFactoryBean : Closing JPA EntityManagerFactory for persistence unit 'default'
2026-03-29T14:06:21.460+05:30  INFO 276424 --- [shopro-pos-server] [SpringApplicationShutdownHook] com.zaxxer.hikari.HikariDataSource       : HikariPool-1 - Shutdown initiated...
2026-03-29T14:06:21.467+05:30  INFO 276424 --- [shopro-pos-server] [SpringApplicationShutdownHook] com.zaxxer.hikari.HikariDataSource       : HikariPool-1 - Shutdown completed.
2026-03-29T14:06:33.144+05:30  INFO 279502 --- [shopro-pos-server] [main] mls.sho.dms.ShoproPosServerApplication   : Starting ShoproPosServerApplication using Java 21.0.9 with PID 279502 (/home/arun/IdeaProjects/shopro-pos/shopro-sabz-server/build/classes/java/main started by arun in /home/arun/IdeaProjects/shopro-pos/shopro-sabz-server)
2026-03-29T14:06:33.145+05:30 DEBUG 279502 --- [shopro-pos-server] [main] mls.sho.dms.ShoproPosServerApplication   : Running with Spring Boot v3.2.3, Spring v6.1.4
2026-03-29T14:06:33.147+05:30  INFO 279502 --- [shopro-pos-server] [main] mls.sho.dms.ShoproPosServerApplication   : No active profile set, falling back to 1 default profile: "default"
2026-03-29T14:06:34.502+05:30  INFO 279502 --- [shopro-pos-server] [main] .s.d.r.c.RepositoryConfigurationDelegate : Bootstrapping Spring Data JPA repositories in DEFAULT mode.
2026-03-29T14:06:34.767+05:30  INFO 279502 --- [shopro-pos-server] [main] .s.d.r.c.RepositoryConfigurationDelegate : Finished Spring Data repository scanning in 255 ms. Found 90 JPA repository interfaces.
2026-03-29T14:06:35.696+05:30  INFO 279502 --- [shopro-pos-server] [main] o.s.b.w.embedded.tomcat.TomcatWebServer  : Tomcat initialized with port 8080 (http)
2026-03-29T14:06:35.709+05:30  INFO 279502 --- [shopro-pos-server] [main] o.apache.catalina.core.StandardService   : Starting service [Tomcat]
2026-03-29T14:06:35.709+05:30  INFO 279502 --- [shopro-pos-server] [main] o.apache.catalina.core.StandardEngine    : Starting Servlet engine: [Apache Tomcat/10.1.19]
2026-03-29T14:06:35.778+05:30  INFO 279502 --- [shopro-pos-server] [main] o.a.c.c.C.[Tomcat].[localhost].[/]       : Initializing Spring embedded WebApplicationContext
2026-03-29T14:06:35.778+05:30  INFO 279502 --- [shopro-pos-server] [main] w.s.c.ServletWebServerApplicationContext : Root WebApplicationContext: initialization completed in 2582 ms
2026-03-29T14:06:36.306+05:30  INFO 279502 --- [shopro-pos-server] [main] com.zaxxer.hikari.HikariDataSource       : HikariPool-1 - Starting...
2026-03-29T14:06:36.440+05:30  INFO 279502 --- [shopro-pos-server] [main] com.zaxxer.hikari.pool.HikariPool        : HikariPool-1 - Added connection org.postgresql.jdbc.PgConnection@7cbede2b
2026-03-29T14:06:36.442+05:30  INFO 279502 --- [shopro-pos-server] [main] com.zaxxer.hikari.HikariDataSource       : HikariPool-1 - Start completed.
2026-03-29T14:06:36.511+05:30  INFO 279502 --- [shopro-pos-server] [main] o.f.c.internal.license.VersionPrinter    : Flyway Community Edition 9.22.3 by Redgate
2026-03-29T14:06:36.511+05:30  INFO 279502 --- [shopro-pos-server] [main] o.f.c.internal.license.VersionPrinter    : See release notes here: https://rd.gt/416ObMi
2026-03-29T14:06:36.512+05:30  INFO 279502 --- [shopro-pos-server] [main] o.f.c.internal.license.VersionPrinter    : 
2026-03-29T14:06:36.526+05:30  INFO 279502 --- [shopro-pos-server] [main] org.flywaydb.core.FlywayExecutor         : Database: jdbc:postgresql://localhost:5432/shopro_pos (PostgreSQL 18.3)
2026-03-29T14:06:36.533+05:30  WARN 279502 --- [shopro-pos-server] [main] o.f.c.internal.database.base.Database    : Flyway upgrade recommended: PostgreSQL 18.3 is newer than this version of Flyway and support has not been tested. The latest supported version of PostgreSQL is 15.
2026-03-29T14:06:36.647+05:30  INFO 279502 --- [shopro-pos-server] [main] o.f.core.internal.command.DbMigrate      : Current version of schema "public": 85
2026-03-29T14:06:36.650+05:30  INFO 279502 --- [shopro-pos-server] [main] o.f.core.internal.command.DbMigrate      : Schema "public" is up to date. No migration necessary.
2026-03-29T14:06:36.791+05:30  INFO 279502 --- [shopro-pos-server] [main] o.hibernate.jpa.internal.util.LogHelper  : HHH000204: Processing PersistenceUnitInfo [name: default]
2026-03-29T14:06:36.848+05:30  INFO 279502 --- [shopro-pos-server] [main] org.hibernate.Version                    : HHH000412: Hibernate ORM core version 6.4.4.Final
2026-03-29T14:06:36.881+05:30  INFO 279502 --- [shopro-pos-server] [main] o.h.c.internal.RegionFactoryInitiator    : HHH000026: Second-level cache disabled
2026-03-29T14:06:37.111+05:30  INFO 279502 --- [shopro-pos-server] [main] o.s.o.j.p.SpringPersistenceUnitInfo      : No LoadTimeWeaver setup: ignoring JPA class transformer
2026-03-29T14:06:37.159+05:30  WARN 279502 --- [shopro-pos-server] [main] org.hibernate.orm.deprecation            : HHH90000025: PostgreSQLDialect does not need to be specified explicitly using 'hibernate.dialect' (remove the property setting and it will be selected by default)
2026-03-29T14:06:39.233+05:30  INFO 279502 --- [shopro-pos-server] [main] o.h.e.t.j.p.i.JtaPlatformInitiator       : HHH000489: No JTA platform available (set 'hibernate.transaction.jta.platform' to enable JTA platform integration)
2026-03-29T14:06:39.235+05:30  INFO 279502 --- [shopro-pos-server] [main] j.LocalContainerEntityManagerFactoryBean : Initialized JPA EntityManagerFactory for persistence unit 'default'
2026-03-29T14:06:39.733+05:30 DEBUG 279502 --- [shopro-pos-server] [main] .s.d.a.s.MarketplaceAuthenticationFilter : Filter 'marketplaceAuthenticationFilter' configured for use
2026-03-29T14:06:39.733+05:30 DEBUG 279502 --- [shopro-pos-server] [main] m.s.d.a.s.StaffAuthenticationFilter      : Filter 'staffAuthenticationFilter' configured for use
2026-03-29T14:06:39.735+05:30 DEBUG 279502 --- [shopro-pos-server] [main] m.s.dms.application.security.DPoPFilter  : Filter 'DPoPFilter' configured for use
2026-03-29T14:06:39.735+05:30 DEBUG 279502 --- [shopro-pos-server] [main] mls.sho.dms.fapi.FapiGatewayFilter       : Filter 'fapiGatewayFilter' configured for use
2026-03-29T14:06:39.735+05:30 DEBUG 279502 --- [shopro-pos-server] [main] mls.sho.dms.config.GlobalCorsFilter      : Filter 'globalCorsFilter' configured for use
2026-03-29T14:06:40.211+05:30  INFO 279502 --- [shopro-pos-server] [main] o.s.d.j.r.query.QueryEnhancerFactory     : Hibernate is in classpath; If applicable, HQL parser will be used.
2026-03-29T14:06:45.268+05:30  WARN 279502 --- [shopro-pos-server] [main] JpaBaseConfiguration$JpaWebConfiguration : spring.jpa.open-in-view is enabled by default. Therefore, database queries may be performed during view rendering. Explicitly configure spring.jpa.open-in-view to disable this warning
2026-03-29T14:06:46.280+05:30  INFO 279502 --- [shopro-pos-server] [main] o.s.b.a.e.web.EndpointLinksResolver      : Exposing 1 endpoint(s) beneath base path '/actuator'
2026-03-29T14:06:46.378+05:30  INFO 279502 --- [shopro-pos-server] [main] o.s.s.web.DefaultSecurityFilterChain     : Will secure org.springframework.security.oauth2.server.authorization.config.annotation.web.configurers.OAuth2AuthorizationServerConfigurer$$Lambda/0x00007fe6e0d02e70@2b9438ed with [org.springframework.security.web.session.DisableEncodeUrlFilter@4ccb9133, org.springframework.security.web.context.request.async.WebAsyncManagerIntegrationFilter@74acb786, org.springframework.security.web.context.SecurityContextHolderFilter@4c0bfacf, org.springframework.security.oauth2.server.authorization.config.annotation.web.configurers.AuthorizationServerContextFilter@27c13500, org.springframework.security.web.header.HeaderWriterFilter@59f54f73, org.springframework.web.filter.CorsFilter@65ae8e56, org.springframework.security.web.csrf.CsrfFilter@384df761, org.springframework.security.oauth2.server.authorization.oidc.web.OidcLogoutEndpointFilter@2982551f, org.springframework.security.web.authentication.logout.LogoutFilter@74c8c549, org.springframework.security.oauth2.server.authorization.web.OAuth2AuthorizationServerMetadataEndpointFilter@55ffbd99, org.springframework.security.oauth2.server.authorization.web.OAuth2AuthorizationEndpointFilter@30b1d78e, org.springframework.security.oauth2.server.authorization.web.OAuth2DeviceVerificationEndpointFilter@1d202648, org.springframework.security.oauth2.server.authorization.oidc.web.OidcProviderConfigurationEndpointFilter@1eb1f09, org.springframework.security.oauth2.server.authorization.web.NimbusJwkSetEndpointFilter@3ef4a1eb, org.springframework.security.oauth2.server.authorization.web.OAuth2ClientAuthenticationFilter@1c0d7675, org.springframework.security.web.savedrequest.RequestCacheAwareFilter@2fe6b485, org.springframework.security.web.servletapi.SecurityContextHolderAwareRequestFilter@64060b08, org.springframework.security.web.authentication.AnonymousAuthenticationFilter@6f77815e, org.springframework.security.web.access.ExceptionTranslationFilter@2be9fb14, org.springframework.security.web.access.intercept.AuthorizationFilter@4b0cf1db, org.springframework.security.oauth2.server.authorization.web.OAuth2TokenEndpointFilter@33c69595, org.springframework.security.oauth2.server.authorization.web.OAuth2TokenIntrospectionEndpointFilter@5b401048, org.springframework.security.oauth2.server.authorization.web.OAuth2TokenRevocationEndpointFilter@32e920c2, org.springframework.security.oauth2.server.authorization.web.OAuth2DeviceAuthorizationEndpointFilter@3c9b5da7, org.springframework.security.oauth2.server.authorization.oidc.web.OidcUserInfoEndpointFilter@21b4fa63]
2026-03-29T14:06:46.444+05:30  INFO 279502 --- [shopro-pos-server] [main] o.s.s.web.DefaultSecurityFilterChain     : Will secure any request with [org.springframework.security.web.session.DisableEncodeUrlFilter@3666841e, org.springframework.security.web.context.request.async.WebAsyncManagerIntegrationFilter@33934e30, org.springframework.security.web.context.SecurityContextHolderFilter@27d0b621, org.springframework.security.web.header.HeaderWriterFilter@764460c4, org.springframework.web.filter.CorsFilter@3a0e98b2, org.springframework.security.web.csrf.CsrfFilter@9882758, org.springframework.security.web.authentication.logout.LogoutFilter@28bbadf0, org.springframework.security.oauth2.client.web.OAuth2AuthorizationRequestRedirectFilter@6c10c6b1, org.springframework.security.oauth2.client.web.OAuth2LoginAuthenticationFilter@1392dc4e, org.springframework.security.web.authentication.UsernamePasswordAuthenticationFilter@2d517e29, org.springframework.security.web.authentication.ui.DefaultLoginPageGeneratingFilter@5fb539ba, org.springframework.security.web.authentication.ui.DefaultLogoutPageGeneratingFilter@431584ab, org.springframework.security.web.savedrequest.RequestCacheAwareFilter@6f2af764, org.springframework.security.web.servletapi.SecurityContextHolderAwareRequestFilter@aa22a6a, org.springframework.security.web.authentication.AnonymousAuthenticationFilter@41d1bea3, org.springframework.security.web.access.ExceptionTranslationFilter@7d031dc6, org.springframework.security.web.access.intercept.AuthorizationFilter@5aa87486]
2026-03-29T14:06:46.480+05:30  INFO 279502 --- [shopro-pos-server] [main] o.s.s.web.DefaultSecurityFilterChain     : Will secure Or [Mvc [pattern='/api/**'], Mvc [pattern='/auth/**'], Mvc [pattern='/actuator/**']] with [org.springframework.security.web.session.DisableEncodeUrlFilter@7ea7f02b, org.springframework.security.web.context.request.async.WebAsyncManagerIntegrationFilter@1781a594, org.springframework.security.web.context.SecurityContextHolderFilter@77ab77ef, org.springframework.security.web.header.HeaderWriterFilter@15584ac4, org.springframework.web.filter.CorsFilter@4f76e662, org.springframework.security.web.authentication.logout.LogoutFilter@6ae065fe, mls.sho.dms.fapi.FapiGatewayFilter@5d887ffc, org.springframework.security.web.savedrequest.RequestCacheAwareFilter@5a6535d7, org.springframework.security.web.servletapi.SecurityContextHolderAwareRequestFilter@7152749e, org.springframework.security.web.authentication.AnonymousAuthenticationFilter@56dd5a52, org.springframework.security.web.session.SessionManagementFilter@6818bf62, org.springframework.security.web.access.ExceptionTranslationFilter@4fff479d, org.springframework.security.web.access.intercept.AuthorizationFilter@7b4c5fc9]
2026-03-29T14:06:47.231+05:30  INFO 279502 --- [shopro-pos-server] [main] o.s.b.w.embedded.tomcat.TomcatWebServer  : Tomcat started on port 8080 (http) with context path ''
2026-03-29T14:06:47.233+05:30 DEBUG 279502 --- [shopro-pos-server] [main] o.s.m.s.ExecutorSubscribableChannel      : clientOutboundChannel added SubProtocolWebSocketHandler[StompSubProtocolHandler[v10.stomp, v11.stomp, v12.stomp]]
2026-03-29T14:06:47.234+05:30 DEBUG 279502 --- [shopro-pos-server] [main] o.s.m.s.ExecutorSubscribableChannel      : clientInboundChannel added WebSocketAnnotationMethodMessageHandler[prefixes=[/app/]]
2026-03-29T14:06:47.234+05:30  INFO 279502 --- [shopro-pos-server] [main] o.s.m.s.b.SimpleBrokerMessageHandler     : Starting...
2026-03-29T14:06:47.234+05:30 DEBUG 279502 --- [shopro-pos-server] [main] o.s.m.s.ExecutorSubscribableChannel      : clientInboundChannel added SimpleBrokerMessageHandler [org.springframework.messaging.simp.broker.DefaultSubscriptionRegistry@59355e21]
2026-03-29T14:06:47.235+05:30 DEBUG 279502 --- [shopro-pos-server] [main] o.s.m.s.ExecutorSubscribableChannel      : brokerChannel added SimpleBrokerMessageHandler [org.springframework.messaging.simp.broker.DefaultSubscriptionRegistry@59355e21]
2026-03-29T14:06:47.236+05:30  INFO 279502 --- [shopro-pos-server] [main] o.s.m.s.b.SimpleBrokerMessageHandler     : BrokerAvailabilityEvent[available=true, SimpleBrokerMessageHandler [org.springframework.messaging.simp.broker.DefaultSubscriptionRegistry@59355e21]]
2026-03-29T14:06:47.236+05:30  INFO 279502 --- [shopro-pos-server] [main] o.s.m.s.b.SimpleBrokerMessageHandler     : Started.
2026-03-29T14:06:47.237+05:30 DEBUG 279502 --- [shopro-pos-server] [main] o.s.m.s.ExecutorSubscribableChannel      : clientInboundChannel added UserDestinationMessageHandler[DefaultUserDestinationResolver[prefix=/user/]]
2026-03-29T14:06:47.237+05:30 DEBUG 279502 --- [shopro-pos-server] [main] o.s.m.s.ExecutorSubscribableChannel      : brokerChannel added UserDestinationMessageHandler[DefaultUserDestinationResolver[prefix=/user/]]
2026-03-29T14:06:47.259+05:30  INFO 279502 --- [shopro-pos-server] [main] mls.sho.dms.ShoproPosServerApplication   : Started ShoproPosServerApplication in 14.656 seconds (process running for 14.969)
2026-03-29T14:06:47.269+05:30 DEBUG 279502 --- [shopro-pos-server] [MessageBroker-2] .s.d.a.s.i.j.BidAcknowledgmentTimeoutJob : Running Bid Acknowledgment Timeout Job...
2026-03-29T14:06:47.269+05:30  INFO 279502 --- [shopro-pos-server] [MessageBroker-4] m.s.d.a.s.inventory.job.BidScoringJob    : Starting bid scoring job...
2026-03-29T14:06:47.269+05:30 DEBUG 279502 --- [shopro-pos-server] [MessageBroker-1] m.s.d.a.s.i.job.PurchaseOrderTimeoutJob  : Running Purchase Order Timeout Job...
2026-03-29T14:06:47.269+05:30 DEBUG 279502 --- [shopro-pos-server] [MessageBroker-8] m.sho.dms.service.edp.EdpCatchupService  : [EDP-CATCHUP] Running consumer health check...
2026-03-29T14:06:47.269+05:30  INFO 279502 --- [shopro-pos-server] [MessageBroker-3] m.s.d.a.s.i.job.StockThresholdJob        : Starting stock threshold evaluation job...
2026-03-29T14:06:47.420+05:30  INFO 279502 --- [shopro-pos-server] [MessageBroker-3] m.s.d.a.s.c.impl.NotificationEngineImpl  : Expanding recipient group ROLE_MANAGER to roles: [OWNER, MANAGER, GENERAL_MANAGER]
2026-03-29T14:06:47.437+05:30 DEBUG 279502 --- [shopro-pos-server] [MessageBroker-3] m.s.d.a.s.c.impl.NotificationEngineImpl  : Found 1 members for role OWNER
2026-03-29T14:06:47.489+05:30 DEBUG 279502 --- [shopro-pos-server] [MessageBroker-3] m.s.d.a.s.c.impl.NotificationEngineImpl  : Found 0 members for role MANAGER
2026-03-29T14:06:47.496+05:30 DEBUG 279502 --- [shopro-pos-server] [MessageBroker-3] m.s.d.a.s.c.impl.NotificationEngineImpl  : Found 1 members for role GENERAL_MANAGER
2026-03-29T14:06:47.502+05:30  INFO 279502 --- [shopro-pos-server] [MessageBroker-3] m.s.d.a.s.i.job.StockThresholdJob        : Stock threshold evaluation complete. Dispatched 1 alerts.
2026-03-29T14:07:17.325+05:30 DEBUG 279502 --- [shopro-pos-server] [MessageBroker-8] m.sho.dms.service.edp.EdpCatchupService  : [EDP-CATCHUP] Running consumer health check...
2026-03-29T14:07:21.257+05:30  INFO 279502 --- [shopro-pos-server] [http-nio-8080-exec-1] o.a.c.c.C.[Tomcat].[localhost].[/]       : Initializing Spring DispatcherServlet 'dispatcherServlet'
2026-03-29T14:07:21.258+05:30  INFO 279502 --- [shopro-pos-server] [http-nio-8080-exec-1] o.s.web.servlet.DispatcherServlet        : Initializing Servlet 'dispatcherServlet'
2026-03-29T14:07:21.262+05:30  INFO 279502 --- [shopro-pos-server] [http-nio-8080-exec-1] o.s.web.servlet.DispatcherServlet        : Completed initialization in 4 ms
2026-03-29T14:07:47.201+05:30  INFO 279502 --- [shopro-pos-server] [MessageBroker-6] o.s.w.s.c.WebSocketMessageBrokerStats    : WebSocketSession[0 current WS(0)-HttpStream(0)-HttpPoll(0), 0 total, 0 closed abnormally (0 connect failure, 0 send limit, 0 transport error)], stompSubProtocol[processed CONNECT(0)-CONNECTED(0)-DISCONNECT(0)], stompBrokerRelay[null], inboundChannel[pool size = 0, active threads = 0, queued tasks = 0, completed tasks = 0], outboundChannel[pool size = 0, active threads = 0, queued tasks = 0, completed tasks = 0], sockJsScheduler[pool size = 8, active threads = 1, queued tasks = 9, completed tasks = 7]
2026-03-29T14:07:47.258+05:30  INFO 279502 --- [shopro-pos-server] [MessageBroker-2] m.s.d.a.s.inventory.job.BidScoringJob    : Starting bid scoring job...
2026-03-29T14:07:47.345+05:30 DEBUG 279502 --- [shopro-pos-server] [MessageBroker-1] m.sho.dms.service.edp.EdpCatchupService  : [EDP-CATCHUP] Running consumer health check...
2026-03-29T14:08:17.352+05:30 DEBUG 279502 --- [shopro-pos-server] [MessageBroker-1] m.sho.dms.service.edp.EdpCatchupService  : [EDP-CATCHUP] Running consumer health check...
2026-03-29T14:08:47.258+05:30  INFO 279502 --- [shopro-pos-server] [MessageBroker-7] m.s.d.a.s.inventory.job.BidScoringJob    : Starting bid scoring job...
2026-03-29T14:08:47.363+05:30 DEBUG 279502 --- [shopro-pos-server] [MessageBroker-4] m.sho.dms.service.edp.EdpCatchupService  : [EDP-CATCHUP] Running consumer health check...
2026-03-29T14:09:17.379+05:30 DEBUG 279502 --- [shopro-pos-server] [MessageBroker-4] m.sho.dms.service.edp.EdpCatchupService  : [EDP-CATCHUP] Running consumer health check...
2026-03-29T14:09:47.257+05:30  INFO 279502 --- [shopro-pos-server] [MessageBroker-3] m.s.d.a.s.inventory.job.BidScoringJob    : Starting bid scoring job...
2026-03-29T14:09:47.394+05:30 DEBUG 279502 --- [shopro-pos-server] [MessageBroker-6] m.sho.dms.service.edp.EdpCatchupService  : [EDP-CATCHUP] Running consumer health check...
2026-03-29T14:10:17.401+05:30 DEBUG 279502 --- [shopro-pos-server] [MessageBroker-6] m.sho.dms.service.edp.EdpCatchupService  : [EDP-CATCHUP] Running consumer health check...
2026-03-29T14:10:47.259+05:30  INFO 279502 --- [shopro-pos-server] [MessageBroker-2] m.s.d.a.s.inventory.job.BidScoringJob    : Starting bid scoring job...
2026-03-29T14:10:47.416+05:30 DEBUG 279502 --- [shopro-pos-server] [MessageBroker-1] m.sho.dms.service.edp.EdpCatchupService  : [EDP-CATCHUP] Running consumer health check...
2026-03-29T14:11:17.422+05:30 DEBUG 279502 --- [shopro-pos-server] [MessageBroker-1] m.sho.dms.service.edp.EdpCatchupService  : [EDP-CATCHUP] Running consumer health check...
2026-03-29T14:11:47.258+05:30  INFO 279502 --- [shopro-pos-server] [MessageBroker-4] m.s.d.a.s.inventory.job.BidScoringJob    : Starting bid scoring job...
2026-03-29T14:11:47.310+05:30 DEBUG 279502 --- [shopro-pos-server] [MessageBroker-7] .s.d.a.s.i.j.BidAcknowledgmentTimeoutJob : Running Bid Acknowledgment Timeout Job...
2026-03-29T14:11:47.431+05:30 DEBUG 279502 --- [shopro-pos-server] [MessageBroker-5] m.sho.dms.service.edp.EdpCatchupService  : [EDP-CATCHUP] Running consumer health check...
2026-03-29T14:12:17.438+05:30 DEBUG 279502 --- [shopro-pos-server] [MessageBroker-5] m.sho.dms.service.edp.EdpCatchupService  : [EDP-CATCHUP] Running consumer health check...
2026-03-29T14:12:47.258+05:30  INFO 279502 --- [shopro-pos-server] [MessageBroker-8] m.s.d.a.s.inventory.job.BidScoringJob    : Starting bid scoring job...
2026-03-29T14:12:47.453+05:30 DEBUG 279502 --- [shopro-pos-server] [MessageBroker-6] m.sho.dms.service.edp.EdpCatchupService  : [EDP-CATCHUP] Running consumer health check...
2026-03-29T14:13:17.458+05:30 DEBUG 279502 --- [shopro-pos-server] [MessageBroker-6] m.sho.dms.service.edp.EdpCatchupService  : [EDP-CATCHUP] Running consumer health check...
2026-03-29T14:13:47.258+05:30  INFO 279502 --- [shopro-pos-server] [MessageBroker-3] m.s.d.a.s.inventory.job.BidScoringJob    : Starting bid scoring job...
2026-03-29T14:13:47.477+05:30 DEBUG 279502 --- [shopro-pos-server] [MessageBroker-7] m.sho.dms.service.edp.EdpCatchupService  : [EDP-CATCHUP] Running consumer health check...
2026-03-29T14:14:17.490+05:30 DEBUG 279502 --- [shopro-pos-server] [MessageBroker-7] m.sho.dms.service.edp.EdpCatchupService  : [EDP-CATCHUP] Running consumer health check...
2026-03-29T14:14:47.257+05:30  INFO 279502 --- [shopro-pos-server] [MessageBroker-1] m.s.d.a.s.inventory.job.BidScoringJob    : Starting bid scoring job...
2026-03-29T14:14:47.497+05:30 DEBUG 279502 --- [shopro-pos-server] [MessageBroker-2] m.sho.dms.service.edp.EdpCatchupService  : [EDP-CATCHUP] Running consumer health check...
2026-03-29T14:15:17.515+05:30 DEBUG 279502 --- [shopro-pos-server] [MessageBroker-2] m.sho.dms.service.edp.EdpCatchupService  : [EDP-CATCHUP] Running consumer health check...
2026-03-29T14:15:47.257+05:30  INFO 279502 --- [shopro-pos-server] [MessageBroker-3] m.s.d.a.s.inventory.job.BidScoringJob    : Starting bid scoring job...
2026-03-29T14:15:47.523+05:30 DEBUG 279502 --- [shopro-pos-server] [MessageBroker-5] m.sho.dms.service.edp.EdpCatchupService  : [EDP-CATCHUP] Running consumer health check...
2026-03-29T14:16:17.539+05:30 DEBUG 279502 --- [shopro-pos-server] [MessageBroker-5] m.sho.dms.service.edp.EdpCatchupService  : [EDP-CATCHUP] Running consumer health check...
2026-03-29T14:16:24.160+05:30 DEBUG 279502 --- [shopro-pos-server] [SpringApplicationShutdownHook] o.s.m.s.ExecutorSubscribableChannel      : clientOutboundChannel removed SubProtocolWebSocketHandler[StompSubProtocolHandler[v10.stomp, v11.stomp, v12.stomp]]
2026-03-29T14:16:24.161+05:30 DEBUG 279502 --- [shopro-pos-server] [SpringApplicationShutdownHook] o.s.m.s.ExecutorSubscribableChannel      : clientInboundChannel removed WebSocketAnnotationMethodMessageHandler[prefixes=[/app/]]
2026-03-29T14:16:24.162+05:30  INFO 279502 --- [shopro-pos-server] [SpringApplicationShutdownHook] o.s.m.s.b.SimpleBrokerMessageHandler     : Stopping...
2026-03-29T14:16:24.162+05:30  INFO 279502 --- [shopro-pos-server] [SpringApplicationShutdownHook] o.s.m.s.b.SimpleBrokerMessageHandler     : BrokerAvailabilityEvent[available=false, SimpleBrokerMessageHandler [org.springframework.messaging.simp.broker.DefaultSubscriptionRegistry@59355e21]]
2026-03-29T14:16:24.163+05:30 DEBUG 279502 --- [shopro-pos-server] [SpringApplicationShutdownHook] o.s.m.s.ExecutorSubscribableChannel      : clientInboundChannel removed SimpleBrokerMessageHandler [org.springframework.messaging.simp.broker.DefaultSubscriptionRegistry@59355e21]
2026-03-29T14:16:24.163+05:30 DEBUG 279502 --- [shopro-pos-server] [SpringApplicationShutdownHook] o.s.m.s.ExecutorSubscribableChannel      : brokerChannel removed SimpleBrokerMessageHandler [org.springframework.messaging.simp.broker.DefaultSubscriptionRegistry@59355e21]
2026-03-29T14:16:24.163+05:30  INFO 279502 --- [shopro-pos-server] [SpringApplicationShutdownHook] o.s.m.s.b.SimpleBrokerMessageHandler     : Stopped.
2026-03-29T14:16:24.164+05:30 DEBUG 279502 --- [shopro-pos-server] [SpringApplicationShutdownHook] o.s.m.s.ExecutorSubscribableChannel      : clientInboundChannel removed UserDestinationMessageHandler[DefaultUserDestinationResolver[prefix=/user/]]
2026-03-29T14:16:24.164+05:30 DEBUG 279502 --- [shopro-pos-server] [SpringApplicationShutdownHook] o.s.m.s.ExecutorSubscribableChannel      : brokerChannel removed UserDestinationMessageHandler[DefaultUserDestinationResolver[prefix=/user/]]
2026-03-29T14:16:24.226+05:30  INFO 279502 --- [shopro-pos-server] [SpringApplicationShutdownHook] j.LocalContainerEntityManagerFactoryBean : Closing JPA EntityManagerFactory for persistence unit 'default'
2026-03-29T14:16:24.231+05:30  INFO 279502 --- [shopro-pos-server] [SpringApplicationShutdownHook] com.zaxxer.hikari.HikariDataSource       : HikariPool-1 - Shutdown initiated...
2026-03-29T14:16:24.238+05:30  INFO 279502 --- [shopro-pos-server] [SpringApplicationShutdownHook] com.zaxxer.hikari.HikariDataSource       : HikariPool-1 - Shutdown completed.
